-- MySQL dump 10.13  Distrib 8.0.22, for Win64 (x86_64)
--
-- Host: 127.0.0.1    Database: Library
-- ------------------------------------------------------
-- Server version	8.0.22

/*!40101 SET @OLD_CHARACTER_SET_CLIENT=@@CHARACTER_SET_CLIENT */;
/*!40101 SET @OLD_CHARACTER_SET_RESULTS=@@CHARACTER_SET_RESULTS */;
/*!40101 SET @OLD_COLLATION_CONNECTION=@@COLLATION_CONNECTION */;
/*!50503 SET NAMES utf8 */;
/*!40103 SET @OLD_TIME_ZONE=@@TIME_ZONE */;
/*!40103 SET TIME_ZONE='+00:00' */;
/*!40014 SET @OLD_UNIQUE_CHECKS=@@UNIQUE_CHECKS, UNIQUE_CHECKS=0 */;
/*!40014 SET @OLD_FOREIGN_KEY_CHECKS=@@FOREIGN_KEY_CHECKS, FOREIGN_KEY_CHECKS=0 */;
/*!40101 SET @OLD_SQL_MODE=@@SQL_MODE, SQL_MODE='NO_AUTO_VALUE_ON_ZERO' */;
/*!40111 SET @OLD_SQL_NOTES=@@SQL_NOTES, SQL_NOTES=0 */;

--
-- Table structure for table `Account`
--

DROP TABLE IF EXISTS `Account`;
/*!40101 SET @saved_cs_client     = @@character_set_client */;
/*!50503 SET character_set_client = utf8mb4 */;
CREATE TABLE `Account` (
  `AccountID` varchar(50) CHARACTER SET utf8 COLLATE utf8_general_ci NOT NULL,
  `PasswordHash` varchar(256) CHARACTER SET utf8 COLLATE utf8_general_ci NOT NULL,
  `Salt` varchar(256) CHARACTER SET utf8 COLLATE utf8_general_ci NOT NULL,
  `UserType` varchar(50) CHARACTER SET utf8 COLLATE utf8_general_ci DEFAULT 'Employee',
  `EmployeeID` varchar(10) CHARACTER SET utf8 COLLATE utf8_general_ci DEFAULT NULL,
  PRIMARY KEY (`AccountID`),
  UNIQUE KEY `EmployeeID` (`EmployeeID`),
  CONSTRAINT `Account_ibfk_1` FOREIGN KEY (`EmployeeID`) REFERENCES `Employee` (`EmployeeID`)
) ENGINE=InnoDB DEFAULT CHARSET=utf8mb4 COLLATE=utf8mb4_0900_ai_ci;
/*!40101 SET character_set_client = @saved_cs_client */;

--
-- Dumping data for table `Account`
--

LOCK TABLES `Account` WRITE;
/*!40000 ALTER TABLE `Account` DISABLE KEYS */;
INSERT INTO `Account` VALUES ('admin','7791033ef951f8b51a2c21b7a99a0b5260888d5c8301e71926275a65294811024239257665085042a139789a464955326df3c1213c18d88e07d8817e71c073d4','test','Admin','NV1'),('test1','bd139de4fcd895ec5cbae3e92ee8d40f072614fcab6a3f760d6886113d9291a0e9593c15e9fc841e7de50e3420aa3662c7926d50b6f138756233ef1d7a34fc0e','0ed10991-20d1-427b-a09a-9defd8f258ad','Employee','NV2'),('test2','de69bb0e941243ee19802f2236d26ee36b99fc65f6f1af981a3a4203030332c41e0e4c52013a557b961fe79960f85269713aba5c7a1cc9ea8d200d4e520e2925','b1830729-6500-43e0-abee-9b86f04d4f0d','Employee','NV3'),('test3','6a491662983ce611c1eb6a815d30d754b01d0147092358a5b75c515fc9f8fad0b51f59a0af43e115775919d9bc95fede18098f7219f3c8a16ebd5337528d262d','7074514b-c94c-42b6-8223-974aee5fb98e','Employee','NV4'),('test4','bf644b2a3c083844fb03e61c8533935ba445853ffe362756493a80e45310e2b3a1720732185729d3c5390488a175aca3e37f272b68a27bf84228cb4942e1955b','d29d3e16-837e-40aa-8ac0-136cd594164b','Employee','NV5'),('test5','4e8e6e7d2f15b6fb38a0c97f43c1773a4e70befd4b2d0f825c7b1880b8f52b49f8e9005820933402b124b648d14db1cae3f6c4d280e41acfdc81ba54928abf95','9cdc9ceb-c3f9-413b-bcea-19d406bbf4ad','Employee','NV6'),('test6','08d6870aa0618bbc2d3db827f7f908ef32117cd7ee400f744d1308236e161140af2bf5257afd7fcb2f47d440e14cdc3ea06edf08457b6dfae5458b5b3fc62ae2','411a3013-3736-456b-ab41-39a09292ada1','Employee','NV7'),('test7','b7ec5340cac7ab0110a697575937b0aae3424823db058e5f02311bb0b4f40b8db8f3cfd1422f66f7fbb69c6459e3baf7fb5d79fedeea2e6542e69369b21f5238','18d935c2-a720-46ee-8035-bea043cbd740','Employee','NV8'),('test8','35a19e18dfd860e2dfb99e918be2548cfbd8fc88a10332539aca59ac3728536c224740fce47264e00e4b3a385c30345ee5580d86fe9b3128a719fe3785571c64','30a7f8c6-614c-49f7-ae62-6f8713210e7c','Employee','NV9'),('test9','63bf18053e3aec93b3f5a4230aa50c786cdee4eb533b55bb52d4645bd622b66eac64f27b19d3b64ecb8f4d49f853837ed9210284603d143cb9c2a86ca9e89a80','27c214d1-70e4-4edc-ab75-4c7a5969e09e','Employee','NV10');
/*!40000 ALTER TABLE `Account` ENABLE KEYS */;
UNLOCK TABLES;

--
-- Table structure for table `Author`
--

DROP TABLE IF EXISTS `Author`;
/*!40101 SET @saved_cs_client     = @@character_set_client */;
/*!50503 SET character_set_client = utf8mb4 */;
CREATE TABLE `Author` (
  `AuthorID` int NOT NULL AUTO_INCREMENT,
  `AuthorName` varchar(200) CHARACTER SET utf8 COLLATE utf8_general_ci DEFAULT NULL,
  PRIMARY KEY (`AuthorID`)
) ENGINE=InnoDB AUTO_INCREMENT=88 DEFAULT CHARSET=utf8mb4 COLLATE=utf8mb4_0900_ai_ci;
/*!40101 SET character_set_client = @saved_cs_client */;

--
-- Dumping data for table `Author`
--

LOCK TABLES `Author` WRITE;
/*!40000 ALTER TABLE `Author` DISABLE KEYS */;
INSERT INTO `Author` VALUES (1,'Sasaki Fumio'),(2,'Xuân Nguyễn'),(3,'Chin Ning Chu'),(4,'Jeffrey E. Garten'),(5,'Peter Lynch'),(6,'Michael Sandel'),(7,'Michael J. Meher'),(8,'Phạm Quốc Hưng'),(9,'C.J. Hayden'),(10,'Thích Tuệ Hải'),(11,'Hải Thượng Lãn Ông'),(12,'ĐH Y Hà Nội'),(13,'Nguyễn Thị Hà Bắc'),(14,'Lê Huy Khoa'),(15,'Vũ Văn Kính'),(16,'Michael Pollan'),(17,'Yuval Noah Harari'),(18,'Trần Thời'),(19,'Huỳnh Phạm Hương Trang'),(20,'Michael Levey'),(21,'Gia Bảo'),(22,'Agatha Christie'),(23,'Michael Duff Newton'),(24,'Richard Barron'),(25,'Maha Thera'),(26,'Nguyễn Văn Chung'),(27,'Hi Di Trần Đoàn'),(28,'Đổng Dị Lâm'),(29,'Terry Eagleton'),(30,'Henry Kissinger'),(31,'Lois N.Magner'),(32,'Nguyễn Ngọc Thạch'),(33,'Lê Hồng Nguyên'),(34,'Phùng Quán'),(35,'Thâm Hải Dữ Nguyệt Quang'),(36,'Lục Manh Tinh'),(37,'Bắc Chi'),(38,'Chetan Bhagat'),(39,'Azit Nesin'),(40,'Jord Jerome Clapka'),(41,'Ivan Turgenev'),(42,'Aleksandr Solzhenitsyn'),(43,'Alexandre Dumas'),(44,'Thiên Hạ Bá Xướng'),(45,'Nguyễn Ngọc Ngạn'),(46,'Tống Mặt Than'),(47,'Zhttty'),(48,'Alyson Noël'),(49,'Phong Tử Tam Tam'),(50,'Georges Blond'),(51,'Nguyên Hồng'),(52,'Zak Ebrahim'),(53,'Dan Brown'),(54,'Alexander Romanovich Belyaev'),(55,'Jules Verne'),(56,'Kawi'),(57,'Minh Nguyệt Thính Phong'),(58,'Frances Hodgson Burnett'),(59,'Nguyễn Văn Khoả'),(60,'Hans Christian Andersen'),(61,'Lep Tônxtoi'),(62,'John Dewey'),(63,'Vladimir Soloviev'),(64,'Trần Bích Lan'),(65,'Dịch Ngũ'),(66,'Hạnh Dao Vị Vãn'),(67,'Ám Ma Sư'),(68,'Ngô Thừa Ân'),(69,'Chử Nhân Hoạch'),(70,'Dư Hoa'),(71,'Scott Robertson - Thomas Bertling'),(72,'Nguyễn Đình Đức - Đào Như Mai'),(73,'Nguyễn Quang Cự - Nguyễn Mạnh Dũng'),(74,'Nguyễn Tấn Anh'),(75,'Nguyễn Hữu Hoàng - Lương Xuân Lâm'),(76,'Phạm Khắc Hiếu'),(77,'Vũ Hữu Tiệp'),(78,'Lê Minh Hoàng'),(79,'Adam Freeman'),(80,'Trần Văn Minh - La Thị Thu Cúc'),(81,'Nguyễn Vũ Thanh'),(82,'Nguyễn Xuân Lạc'),(83,'Nhật Nguyên'),(84,'Thiên Kim'),(85,'Việt Điền'),(86,'Quốc Hội Việt Nam');
/*!40000 ALTER TABLE `Author` ENABLE KEYS */;
UNLOCK TABLES;

--
-- Table structure for table `Book`
--

DROP TABLE IF EXISTS `Book`;
/*!40101 SET @saved_cs_client     = @@character_set_client */;
/*!50503 SET character_set_client = utf8mb4 */;
CREATE TABLE `Book` (
  `BookID` int NOT NULL AUTO_INCREMENT,
  `BookName` varchar(200) CHARACTER SET utf8 COLLATE utf8_general_ci DEFAULT NULL,
  `PublishingDate` date DEFAULT NULL,
  `Image` varchar(255) CHARACTER SET utf8 COLLATE utf8_general_ci DEFAULT NULL,
  `BookDescription` longtext,
  `CategoryID` int DEFAULT NULL,
  `AuthorID` int DEFAULT NULL,
  `PublisherID` int DEFAULT NULL,
  `BookStatus` bit(1) DEFAULT b'1',
  PRIMARY KEY (`BookID`),
  KEY `CategoryID` (`CategoryID`),
  KEY `AuthorID` (`AuthorID`),
  KEY `PublisherID` (`PublisherID`),
  CONSTRAINT `Book_ibfk_1` FOREIGN KEY (`CategoryID`) REFERENCES `Category` (`CategoryID`),
  CONSTRAINT `Book_ibfk_2` FOREIGN KEY (`AuthorID`) REFERENCES `Author` (`AuthorID`),
  CONSTRAINT `Book_ibfk_3` FOREIGN KEY (`PublisherID`) REFERENCES `Publisher` (`PublisherID`)
) ENGINE=InnoDB AUTO_INCREMENT=93 DEFAULT CHARSET=utf8mb4 COLLATE=utf8mb4_0900_ai_ci;
/*!40101 SET character_set_client = @saved_cs_client */;

--
-- Dumping data for table `Book`
--

LOCK TABLES `Book` WRITE;
/*!40000 ALTER TABLE `Book` DISABLE KEYS */;
INSERT INTO `Book` VALUES (1,'Lối Sống Tối Giản Của Người Nhật','2017-02-01','loi-song-toi-gian-cua-nguoi-nhat.jpg','Lối sống tối giản là cách sống cắt giảm vật dụng xuống còn mức tối thiểu. Và cùng với cuộc sống ít đồ đạc, ta có thể để tâm nhiều hơn tới hạnh phúc, đó chính là chủ đề của cuốn sách này. Lối sống tối giản là cách sống cắt giảm vật dụng xuống còn mức tối thiểu. Và cùng với cuộc sống ít đồ đạc, ta có thể để tâm nhiều hơn tới hạnh phúc, đó chính là chủ đề của cuốn sách này. Lối sống tối giản là cách sống cắt giảm vật dụng xuống còn mức tối thiểu. Và cùng với cuộc sống ít đồ đạc, ta có thể để tâm nhiều hơn tới hạnh phúc, đó chính là chủ đề của cuốn sách này. Lối sống tối giản là cách sống cắt giảm vật dụng xuống còn mức tối thiểu. Và cùng với cuộc sống ít đồ đạc, ta có thể để tâm nhiều hơn tới hạnh phúc, đó chính là chủ đề của cuốn sách này. Lối sống tối giản là cách sống cắt giảm vật dụng xuống còn mức tối thiểu. Và cùng với cuộc sống ít đồ đạc, ta có thể để tâm nhiều hơn tới hạnh phúc, đó chính là chủ đề của cuốn sách này. Lối sống tối giản là cách sống cắt giảm vật dụng xuống còn mức tối thiểu. Và cùng với cuộc sống ít đồ đạc, ta có thể để tâm nhiều hơn tới hạnh phúc, đó chính là chủ đề của cuốn sách này. Lối sống tối giản là cách sống cắt giảm vật dụng xuống còn mức tối thiểu. Và cùng với cuộc sống ít đồ đạc, ta có thể để tâm nhiều hơn tới hạnh phúc, đó chính là chủ đề của cuốn sách này. Lối sống tối giản là cách sống cắt giảm vật dụng xuống còn mức tối thiểu. Và cùng với cuộc sống ít đồ đạc, ta có thể để tâm nhiều hơn tới hạnh phúc, đó chính là chủ đề của cuốn sách này. Lối sống tối giản là cách sống cắt giảm vật dụng xuống còn mức tối thiểu. Và cùng với cuộc sống ít đồ đạc, ta có thể để tâm nhiều hơn tới hạnh phúc, đó chính là chủ đề của cuốn sách này. Lối sống tối giản là cách sống cắt giảm vật dụng xuống còn mức tối thiểu. Và cùng với cuộc sống ít đồ đạc, ta có thể để tâm nhiều hơn tới hạnh phúc, đó chính là chủ đề của cuốn sách này. Lối sống tối giản là cách sống cắt giảm vật dụng xuống còn mức tối thiểu. Và cùng với cuộc sống ít đồ đạc, ta có thể để tâm nhiều hơn tới hạnh phúc, đó chính là chủ đề của cuốn sách này. ',1,1,1,_binary '\0'),(2,'Đời Đơn Giản Khi Ta Đơn Giản','2013-05-01','doi-don-gian-khi-ta-don-gian.jpg','Ta lớn lên trong một thế giới do não trái định hướng. Não trái thích xác định sự tồn tại của các quy định hiện hành, phù hợp với các quy tắc và chuyên mục đó, nhưng nó không phù hợp với các khả năng mới phát sinh. Bạn không thể biết điều gì sẽ xảy ra, hoặc những cơ hội nào sẽ phát sinh, cho đến khi bạn đến được thời điểm đó. Bạn có thể lên hết kế hoạch này đến kế hoạch khác, nhưng đơn giản không có cách nào để biết mọi việc sẽ ra sao. Chắc chắn, bạn có thể liên tục điều chỉnh kế hoạch dựa trên thay đổi hoàn cảnh... nhưng vậy thì, ý nghĩa của kế hoạch là gì? Không có kế hoạch nào, chỉ việc thưởng thức những gì đang làm, làm hết sức có thể, và xem chuyện gì phát sinh. Đây là một cách tiếp cận hoàn toàn khác cách nhiều người vẫn làm. Điều này không có nghĩa là sẽ thiếu động lực để làm hết sức mình – cũng không có nghĩa là bạn giữ thái độ thiếu nhiệt tình với công việc. Mà nó có nghĩa là bạn được thúc đẩy bởi công việc, bạn tận hưởng các hoạt động, chứ không phải được thúc đẩy bởi mục tiêu, điểm đến hoặc kết quả.',1,2,2,_binary '\0'),(3,'Làm Ít Được Nhiều','2018-01-22','lam-it-duoc-nhieu.jpg','Trong thời đại thay đổi nhanh chóng và cạnh tranh gay gắt hiện nay, chúng ta thường tự vướng vào một quan điểm quá mệt mỏi là tin rằng thành công chỉ đến khi phải đánh đổi bằng sự cân bằng của cuộc sống. Tuy nhiên, hầu hết những người thành công lại không nhất thiết phải làm việc vất vả. Trong quyển Làm ít được nhiều, tác giả có sách bán chạy Ching-Nin-Chu giải thích cách làm thế nào để giải tỏa cái vòng lẩn quẩn đó và học cách để vừa bình an vừa hiệu quả cùng một lúc. Trong thời đại thay đổi nhanh chóng và cạnh tranh gay gắt hiện nay, chúng ta thường tự vướng vào một quan điểm quá mệt mỏi là tin rằng thành công chỉ đến khi phải đánh đổi bằng sự cân bằng của cuộc sống. Tuy nhiên, hầu hết những người thành công lại không nhất thiết phải làm việc vất vả. Trong quyển Làm ít được nhiều, tác giả có sách bán chạy Ching-Nin-Chu giải thích cách làm thế nào để giải tỏa cái vòng lẩn quẩn đó và học cách để vừa bình an vừa hiệu quả cùng một lúc. Trong thời đại thay đổi nhanh chóng và cạnh tranh gay gắt hiện nay, chúng ta thường tự vướng vào một quan điểm quá mệt mỏi là tin rằng thành công chỉ đến khi phải đánh đổi bằng sự cân bằng của cuộc sống. Tuy nhiên, hầu hết những người thành công lại không nhất thiết phải làm việc vất vả. Trong quyển Làm ít được nhiều, tác giả có sách bán chạy Ching-Nin-Chu giải thích cách làm thế nào để giải tỏa cái vòng lẩn quẩn đó và học cách để vừa bình an vừa hiệu quả cùng một lúc. Trong thời đại thay đổi nhanh chóng và cạnh tranh gay gắt hiện nay, chúng ta thường tự vướng vào một quan điểm quá mệt mỏi là tin rằng thành công chỉ đến khi phải đánh đổi bằng sự cân bằng của cuộc sống. Tuy nhiên, hầu hết những người thành công lại không nhất thiết phải làm việc vất vả. Trong quyển Làm ít được nhiều, tác giả có sách bán chạy Ching-Nin-Chu giải thích cách làm thế nào để giải tỏa cái vòng lẩn quẩn đó và học cách để vừa bình an vừa hiệu quả cùng một lúc. Trong thời đại thay đổi nhanh chóng và cạnh tranh gay gắt hiện nay, chúng ta thường tự vướng vào một quan điểm quá mệt mỏi là tin rằng thành công chỉ đến khi phải đánh đổi bằng sự cân bằng của cuộc sống. Tuy nhiên, hầu hết những người thành công lại không nhất thiết phải làm việc vất vả. Trong quyển Làm ít được nhiều, tác giả có sách bán chạy Ching-Nin-Chu giải thích cách làm thế nào để giải tỏa cái vòng lẩn quẩn đó và học cách để vừa bình an vừa hiệu quả cùng một lúc. Trong thời đại thay đổi nhanh chóng và cạnh tranh gay gắt hiện nay, chúng ta thường tự vướng vào một quan điểm quá mệt mỏi là tin rằng thành công chỉ đến khi phải đánh đổi bằng sự cân bằng của cuộc sống. Tuy nhiên, hầu hết những người thành công lại không nhất thiết phải làm việc vất vả. Trong quyển Làm ít được nhiều, tác giả có sách bán chạy Ching-Nin-Chu giải thích cách làm thế nào để giải tỏa cái vòng lẩn quẩn đó và học cách để vừa bình an vừa hiệu quả cùng một lúc. Trong thời đại thay đổi nhanh chóng và cạnh tranh gay gắt hiện nay, chúng ta thường tự vướng vào một quan điểm quá mệt mỏi là tin rằng thành công chỉ đến khi phải đánh đổi bằng sự cân bằng của cuộc sống. Tuy nhiên, hầu hết những người thành công lại không nhất thiết phải làm việc vất vả. Trong quyển Làm ít được nhiều, tác giả có sách bán chạy Ching-Nin-Chu giải thích cách làm thế nào để giải tỏa cái vòng lẩn quẩn đó và học cách để vừa bình an vừa hiệu quả cùng một lúc. ',1,3,3,_binary ''),(4,'Từ Tơ Lụa Đến Silicon','2017-01-02','tu-to-lua-den-silicon.jpg','Sách nghiên cứu cuộc đời và sự nghiệp của 10 nhân vật có nhiều ảnh hưởng, tạo ra những bước ngoặt trong sự phát triển của lịch sử thế giới, bao gồm: Gengis Khan, hoàng tử Henry, Robert Clive, Mayer Amschel Rothschild, Cyrus Field, John D. Rockefeller, Jean Monnet, Magaret Thatcher, Andrew Grove, Đặng Tiểu Bình và bàn thêm về người giỏi nhất còn chưa xuất hiện. Sách nghiên cứu cuộc đời và sự nghiệp của 10 nhân vật có nhiều ảnh hưởng, tạo ra những bước ngoặt trong sự phát triển của lịch sử thế giới, bao gồm: Gengis Khan, hoàng tử Henry, Robert Clive, Mayer Amschel Rothschild, Cyrus Field, John D. Rockefeller, Jean Monnet, Magaret Thatcher, Andrew Grove, Đặng Tiểu Bình và bàn thêm về người giỏi nhất còn chưa xuất hiện. ',2,4,2,_binary ''),(5,'Đánh Bại Phố Wall','2018-01-19','danh-bai-pho-wall.jpg','Với 13 năm kinh nghiệm quản lý thành công quỹ đầu tư Fidelity Magellan và lựa chọn hàng nghìn cổ phiếu, Lynch đã đúc kết thành 21 nguyên tắc hài hước mà ông gọi là “Những nguyên tắc của Peter”. Với 13 năm kinh nghiệm quản lý thành công quỹ đầu tư Fidelity Magellan và lựa chọn hàng nghìn cổ phiếu, Lynch đã đúc kết thành 21 nguyên tắc hài hước mà ông gọi là “Những nguyên tắc của Peter”. Với 13 năm kinh nghiệm quản lý thành công quỹ đầu tư Fidelity Magellan và lựa chọn hàng nghìn cổ phiếu, Lynch đã đúc kết thành 21 nguyên tắc hài hước mà ông gọi là “Những nguyên tắc của Peter”. Với 13 năm kinh nghiệm quản lý thành công quỹ đầu tư Fidelity Magellan và lựa chọn hàng nghìn cổ phiếu, Lynch đã đúc kết thành 21 nguyên tắc hài hước mà ông gọi là “Những nguyên tắc của Peter”. Với 13 năm kinh nghiệm quản lý thành công quỹ đầu tư Fidelity Magellan và lựa chọn hàng nghìn cổ phiếu, Lynch đã đúc kết thành 21 nguyên tắc hài hước mà ông gọi là “Những nguyên tắc của Peter”. Với 13 năm kinh nghiệm quản lý thành công quỹ đầu tư Fidelity Magellan và lựa chọn hàng nghìn cổ phiếu, Lynch đã đúc kết thành 21 nguyên tắc hài hước mà ông gọi là “Những nguyên tắc của Peter”. Với 13 năm kinh nghiệm quản lý thành công quỹ đầu tư Fidelity Magellan và lựa chọn hàng nghìn cổ phiếu, Lynch đã đúc kết thành 21 nguyên tắc hài hước mà ông gọi là “Những nguyên tắc của Peter”. ',2,5,1,_binary ''),(6,'Tiền Không Mua Được Gì?','2014-01-03','tien-khong-mua-duoc-gi-.jpg','Chúng ta đã quen và bị thuyết phục bởi nền kinh tế thị trường: thông qua giá, thị trường điều phối tài nguyên quý hiếm để phục vụ xã hội một cách tốt nhất. Ai sẵn sàng bỏ nhiều tiền nhất để mua một cái gì đó sẽ là người sử dụng nó một cách hiệu quả nhất. Nhưng, sâu thẳm trong lòng mình, chúng ta cũng tin rằng tiền không thể mua được tất cả mọi thứ: nó không mua được danh dự, không mua được sự sống và cái chết. Nhưng đâu là ranh giới giữa những gì có thể mua được bằng tiền và những gì thì không. Chúng ta đã quen với việc những người mua vé máy bay có quyền lên máy bay trước mà không cần xếp hàng. Chúng ta cũng quen, tuy rằng cảm thấy khó chịu hơn, khi có người bỏ tiền để tranh giành cho được một chỗ trong trường tốt cho con mình đi học. Nhưng chúng ta rất khó chấp nhận khi người ta bỏ tiền để chen hàng cho người nhà mình vào phòng mổ cấp cứu. Chúng ta cũng rất khó chấp nhận khi người ta bỏ tiền ra để mua bộ phận trên cơ thể người khác hầu cấy vào cơ thể mình. Vậy thì đâu là ranh giới giữa những gì chúng ta chấp nhận để tiền có thể mua được và những gì thì không? Trong Tiền Không Mua Được Gì?, tác giả cung cấp những cơ sở triết học, những lập luận căn bản để mỗi người trong chúng ta có thể xác định được ranh giới cho chính mình. Có những thứ mà khi ta coi nó như một mặt hàng có thể mua đi bán lại thì ta đã hủy hoại giá trị làm nên bản chất của nó. Đọc xong Tiền Không Mua Được Gì?, dù ta có không trả lời trọn vẹn được câu hỏi này, ít ra ta cũng nhận thức được rằng đặt ra câu hỏi này là vô cùng cần thiết. Nếu chúng ta không đặt câu hỏi, không tranh cãi để đi đến xác định một ranh giới mà toàn bộ cộng đồng, xã hội chấp nhận, thì rất có thể thị trường sẽ quyết định hộ chúng ta. Tôi thấy đây là một nhận định rất quan trọng của Michael Sandel. Chúng ta đã quen và bị thuyết phục bởi nền kinh tế thị trường: thông qua giá, thị trường điều phối tài nguyên quý hiếm để phục vụ xã hội một cách tốt nhất. Ai sẵn sàng bỏ nhiều tiền nhất để mua một cái gì đó sẽ là người sử dụng nó một cách hiệu quả nhất. Nhưng, sâu thẳm trong lòng mình, chúng ta cũng tin rằng tiền không thể mua được tất cả mọi thứ: nó không mua được danh dự, không mua được sự sống và cái chết. Nhưng đâu là ranh giới giữa những gì có thể mua được bằng tiền và những gì thì không. Chúng ta đã quen với việc những người mua vé máy bay có quyền lên máy bay trước mà không cần xếp hàng. Chúng ta cũng quen, tuy rằng cảm thấy khó chịu hơn, khi có người bỏ tiền để tranh giành cho được một chỗ trong trường tốt cho con mình đi học. Nhưng chúng ta rất khó chấp nhận khi người ta bỏ tiền để chen hàng cho người nhà mình vào phòng mổ cấp cứu. Chúng ta cũng rất khó chấp nhận khi người ta bỏ tiền ra để mua bộ phận trên cơ thể người khác hầu cấy vào cơ thể mình. Vậy thì đâu là ranh giới giữa những gì chúng ta chấp nhận để tiền có thể mua được và những gì thì không? Trong Tiền Không Mua Được Gì?, tác giả cung cấp những cơ sở triết học, những lập luận căn bản để mỗi người trong chúng ta có thể xác định được ranh giới cho chính mình. Có những thứ mà khi ta coi nó như một mặt hàng có thể mua đi bán lại thì ta đã hủy hoại giá trị làm nên bản chất của nó. Đọc xong Tiền Không Mua Được Gì?, dù ta có không trả lời trọn vẹn được câu hỏi này, ít ra ta cũng nhận thức được rằng đặt ra câu hỏi này là vô cùng cần thiết. Nếu chúng ta không đặt câu hỏi, không tranh cãi để đi đến xác định một ranh giới mà toàn bộ cộng đồng, xã hội chấp nhận, thì rất có thể thị trường sẽ quyết định hộ chúng ta. Tôi thấy đây là một nhận định rất quan trọng của Michael Sandel. ',2,6,2,_binary '\0'),(7,'Nghệ Thuật Lấy Lòng Khách Hàng','2016-01-09','nghe-thuat-lay-long-khach-hang.jpg','Nghệ thuật lấy lòng khách hàng của Michael J. Maher là một cuốn sách mà những người làm kinh doanh không thể bỏ qua. Nghệ thuật lấy lòng khách hàng của Michael J. Maher là một cuốn sách mà những người làm kinh doanh không thể bỏ qua. Nghệ thuật lấy lòng khách hàng của Michael J. Maher là một cuốn sách mà những người làm kinh doanh không thể bỏ qua. Nghệ thuật lấy lòng khách hàng của Michael J. Maher là một cuốn sách mà những người làm kinh doanh không thể bỏ qua. ',3,7,4,_binary '\0'),(8,'Pr Là Sống','2009-03-19','pr-la-song.jpg','PR là một chức năng quản trị định hướng thái độ của công chúng, xác định chính sách, thực hiện và làm cho quan tâm một tổ chức, được thực hiện theo một chương trình hành động tìm kiếm sự thông hiểu và chấp nhận của công chúng” theo lời một nữ chuyên gia PR định nghĩa. Ngày nay trong bất cứ ngành nào, PR vẫn rất quan trọng. PR thể hiện tầm quan trọng trong giao tiếp của một tổ chức hay một cá nhân và đối tượng của họ như là nhân viên, đối tác, nhóm cần quan tâm. Đặc biệt, chúng ta có thể thấy sức mạnh của PR trong lĩnh vực dịch vụ như ngân hàng, tài chính, vận tải, du lịch, nhà hàng, khách sạn mà các hoạt động của con người cần sự giao tiếp tốt để có hiệu quả công việc cao. Bằng tất cả nỗ lực, tác giả đã cố gắng thực hiện và hoàn thành cuốn sách này. Hy vọng tất cả trải nghiệm, suy nghĩ, ý tưởng và cảm nhận của tác giả có thể đóng góp một phần vào sự hoàn hảo của cộng đồng PR. PR không tự nó là phương thuốc diệu kỳ cho sự vững mạnh của thương hiệu mà ở tại người nhìn nhận và sử dụng nó như thế nào. Với các nguyên tắc 3PR, 3S, CAR, NCNS, và ANGEL STARS, PR sẽ thật sự sống mãi cùng thương hiệu của từng tổ chức và cuộc đời của mỗi người. ',3,8,5,_binary '\0'),(9,'Biến Bất Kỳ Ai Thành Khách Hàng','2012-03-04','bien-bat-ky-ai-thanh-khach-hang.jpg','\"Biến Bất Kỳ Ai Thành Khách Hàng (Get Cilients Now)\": Nếu đã sẵn sàng gia tăng số lượng khách hàng thì Biến bất kỳ ai thành khách hàng chính là cuốn sách mà bạn cần đọc! \"Biến Bất Kỳ Ai Thành Khách Hàng (Get Cilients Now)\": Nếu đã sẵn sàng gia tăng số lượng khách hàng thì Biến bất kỳ ai thành khách hàng chính là cuốn sách mà bạn cần đọc! \"Biến Bất Kỳ Ai Thành Khách Hàng (Get Cilients Now)\": Nếu đã sẵn sàng gia tăng số lượng khách hàng thì Biến bất kỳ ai thành khách hàng chính là cuốn sách mà bạn cần đọc! \"Biến Bất Kỳ Ai Thành Khách Hàng (Get Cilients Now)\": Nếu đã sẵn sàng gia tăng số lượng khách hàng thì Biến bất kỳ ai thành khách hàng chính là cuốn sách mà bạn cần đọc! \"Biến Bất Kỳ Ai Thành Khách Hàng (Get Cilients Now)\": Nếu đã sẵn sàng gia tăng số lượng khách hàng thì Biến bất kỳ ai thành khách hàng chính là cuốn sách mà bạn cần đọc! \"Biến Bất Kỳ Ai Thành Khách Hàng (Get Cilients Now)\": Nếu đã sẵn sàng gia tăng số lượng khách hàng thì Biến bất kỳ ai thành khách hàng chính là cuốn sách mà bạn cần đọc! \"Biến Bất Kỳ Ai Thành Khách Hàng (Get Cilients Now)\": Nếu đã sẵn sàng gia tăng số lượng khách hàng thì Biến bất kỳ ai thành khách hàng chính là cuốn sách mà bạn cần đọc! \"Biến Bất Kỳ Ai Thành Khách Hàng (Get Cilients Now)\": Nếu đã sẵn sàng gia tăng số lượng khách hàng thì Biến bất kỳ ai thành khách hàng chính là cuốn sách mà bạn cần đọc! \"Biến Bất Kỳ Ai Thành Khách Hàng (Get Cilients Now)\": Nếu đã sẵn sàng gia tăng số lượng khách hàng thì Biến bất kỳ ai thành khách hàng chính là cuốn sách mà bạn cần đọc! \"Biến Bất Kỳ Ai Thành Khách Hàng (Get Cilients Now)\": Nếu đã sẵn sàng gia tăng số lượng khách hàng thì Biến bất kỳ ai thành khách hàng chính là cuốn sách mà bạn cần đọc! ',3,9,6,_binary ''),(10,'Sổ Tay Dưỡng Sinh Ohsawa','2014-01-03','so-tay-duong-sinh-ohsawa.jpg','Tiên sinh Ohsawa Geoge Ohsawa (1893-1966) được nhìn nhận như người sáng lập ra những nguyên tắc và phong cách sống Thực dưỡng. Tiên sinh Ohsawa Geoge Ohsawa (1893-1966) được nhìn nhận như người sáng lập ra những nguyên tắc và phong cách sống Thực dưỡng. Tiên sinh Ohsawa Geoge Ohsawa (1893-1966) được nhìn nhận như người sáng lập ra những nguyên tắc và phong cách sống Thực dưỡng. Tiên sinh Ohsawa Geoge Ohsawa (1893-1966) được nhìn nhận như người sáng lập ra những nguyên tắc và phong cách sống Thực dưỡng. Tiên sinh Ohsawa Geoge Ohsawa (1893-1966) được nhìn nhận như người sáng lập ra những nguyên tắc và phong cách sống Thực dưỡng. Tiên sinh Ohsawa Geoge Ohsawa (1893-1966) được nhìn nhận như người sáng lập ra những nguyên tắc và phong cách sống Thực dưỡng. Tiên sinh Ohsawa Geoge Ohsawa (1893-1966) được nhìn nhận như người sáng lập ra những nguyên tắc và phong cách sống Thực dưỡng. Tiên sinh Ohsawa Geoge Ohsawa (1893-1966) được nhìn nhận như người sáng lập ra những nguyên tắc và phong cách sống Thực dưỡng. Tiên sinh Ohsawa Geoge Ohsawa (1893-1966) được nhìn nhận như người sáng lập ra những nguyên tắc và phong cách sống Thực dưỡng. Tiên sinh Ohsawa Geoge Ohsawa (1893-1966) được nhìn nhận như người sáng lập ra những nguyên tắc và phong cách sống Thực dưỡng. Tiên sinh Ohsawa Geoge Ohsawa (1893-1966) được nhìn nhận như người sáng lập ra những nguyên tắc và phong cách sống Thực dưỡng. Tiên sinh Ohsawa Geoge Ohsawa (1893-1966) được nhìn nhận như người sáng lập ra những nguyên tắc và phong cách sống Thực dưỡng. Tiên sinh Ohsawa Geoge Ohsawa (1893-1966) được nhìn nhận như người sáng lập ra những nguyên tắc và phong cách sống Thực dưỡng. Tiên sinh Ohsawa Geoge Ohsawa (1893-1966) được nhìn nhận như người sáng lập ra những nguyên tắc và phong cách sống Thực dưỡng. Tiên sinh Ohsawa Geoge Ohsawa (1893-1966) được nhìn nhận như người sáng lập ra những nguyên tắc và phong cách sống Thực dưỡng. Tiên sinh Ohsawa Geoge Ohsawa (1893-1966) được nhìn nhận như người sáng lập ra những nguyên tắc và phong cách sống Thực dưỡng. Tiên sinh Ohsawa Geoge Ohsawa (1893-1966) được nhìn nhận như người sáng lập ra những nguyên tắc và phong cách sống Thực dưỡng. Tiên sinh Ohsawa Geoge Ohsawa (1893-1966) được nhìn nhận như người sáng lập ra những nguyên tắc và phong cách sống Thực dưỡng. Tiên sinh Ohsawa Geoge Ohsawa (1893-1966) được nhìn nhận như người sáng lập ra những nguyên tắc và phong cách sống Thực dưỡng. Tiên sinh Ohsawa Geoge Ohsawa (1893-1966) được nhìn nhận như người sáng lập ra những nguyên tắc và phong cách sống Thực dưỡng. Tiên sinh Ohsawa Geoge Ohsawa (1893-1966) được nhìn nhận như người sáng lập ra những nguyên tắc và phong cách sống Thực dưỡng. Tiên sinh Ohsawa Geoge Ohsawa (1893-1966) được nhìn nhận như người sáng lập ra những nguyên tắc và phong cách sống Thực dưỡng. Tiên sinh Ohsawa Geoge Ohsawa (1893-1966) được nhìn nhận như người sáng lập ra những nguyên tắc và phong cách sống Thực dưỡng. Tiên sinh Ohsawa Geoge Ohsawa (1893-1966) được nhìn nhận như người sáng lập ra những nguyên tắc và phong cách sống Thực dưỡng. Tiên sinh Ohsawa Geoge Ohsawa (1893-1966) được nhìn nhận như người sáng lập ra những nguyên tắc và phong cách sống Thực dưỡng. ',4,10,7,_binary ''),(11,'Vệ Sinh Yếu Quyết','1996-01-20','ve-sinh-yeu-quyet.jpg','Vệ sinh yếu quyết diễn ca Vệ sinh yếu quyết diễn ca Vệ sinh yếu quyết diễn ca Vệ sinh yếu quyết diễn ca Vệ sinh yếu quyết diễn ca Vệ sinh yếu quyết diễn ca Vệ sinh yếu quyết diễn ca Vệ sinh yếu quyết diễn ca Vệ sinh yếu quyết diễn ca Vệ sinh yếu quyết diễn ca Vệ sinh yếu quyết diễn ca Vệ sinh yếu quyết diễn ca ',4,11,8,_binary '\0'),(12,'Hóa Sinh Lâm Sàng','1905-07-06','hoa-sinh-lam-sang.jpg','Y học ngày càng tiến bộ và xét nghiệm Hóa sinh ngày càng phát triển, có nhiều dấu ấn sinh học mới được phát hiện và nhiều kỹ thuật mới đã được triển khai áp dụng trong lâm sàng. Y học ngày càng tiến bộ và xét nghiệm Hóa sinh ngày càng phát triển, có nhiều dấu ấn sinh học mới được phát hiện và nhiều kỹ thuật mới đã được triển khai áp dụng trong lâm sàng. Y học ngày càng tiến bộ và xét nghiệm Hóa sinh ngày càng phát triển, có nhiều dấu ấn sinh học mới được phát hiện và nhiều kỹ thuật mới đã được triển khai áp dụng trong lâm sàng. Y học ngày càng tiến bộ và xét nghiệm Hóa sinh ngày càng phát triển, có nhiều dấu ấn sinh học mới được phát hiện và nhiều kỹ thuật mới đã được triển khai áp dụng trong lâm sàng. ',4,12,8,_binary ''),(13,'Tự Học Tiếng Anh Hiệu Quả','2018-01-18','tu-hoc-tieng-anh-hieu-qua.jpg','Nếu như bạn mong muốn giao tiếp tiếng Anh thành thạo, chuyên nghiệp từ 3 tới 6 tháng thì cuốn sách này sẽ làm bạn thất vọng. Thực tế cho thấy chưa có ai mới bắt đầu học tiếng Anh có thể giao tiếp được trôi chảy trong thời gian từ 3 – 6 tháng. Đó là ảo tưởng. Nhưng nếu như bạn đang tìm kiếm làm như thế nào có thể sử dụng tiếng Anh giao tiếp thành thạo, chuyên nghiệp trong 1 năm tới thì xin chúc mừng bạn. Tôi tin rằng những bí mật được tiết lộ trong cuốn sách này sẽ làm bạn thỏa mãn với điều đó. Nếu như bạn mong muốn giao tiếp tiếng Anh thành thạo, chuyên nghiệp từ 3 tới 6 tháng thì cuốn sách này sẽ làm bạn thất vọng. Thực tế cho thấy chưa có ai mới bắt đầu học tiếng Anh có thể giao tiếp được trôi chảy trong thời gian từ 3 – 6 tháng. Đó là ảo tưởng. Nhưng nếu như bạn đang tìm kiếm làm như thế nào có thể sử dụng tiếng Anh giao tiếp thành thạo, chuyên nghiệp trong 1 năm tới thì xin chúc mừng bạn. Tôi tin rằng những bí mật được tiết lộ trong cuốn sách này sẽ làm bạn thỏa mãn với điều đó. Nếu như bạn mong muốn giao tiếp tiếng Anh thành thạo, chuyên nghiệp từ 3 tới 6 tháng thì cuốn sách này sẽ làm bạn thất vọng. Thực tế cho thấy chưa có ai mới bắt đầu học tiếng Anh có thể giao tiếp được trôi chảy trong thời gian từ 3 – 6 tháng. Đó là ảo tưởng. Nhưng nếu như bạn đang tìm kiếm làm như thế nào có thể sử dụng tiếng Anh giao tiếp thành thạo, chuyên nghiệp trong 1 năm tới thì xin chúc mừng bạn. Tôi tin rằng những bí mật được tiết lộ trong cuốn sách này sẽ làm bạn thỏa mãn với điều đó. Nếu như bạn mong muốn giao tiếp tiếng Anh thành thạo, chuyên nghiệp từ 3 tới 6 tháng thì cuốn sách này sẽ làm bạn thất vọng. Thực tế cho thấy chưa có ai mới bắt đầu học tiếng Anh có thể giao tiếp được trôi chảy trong thời gian từ 3 – 6 tháng. Đó là ảo tưởng. Nhưng nếu như bạn đang tìm kiếm làm như thế nào có thể sử dụng tiếng Anh giao tiếp thành thạo, chuyên nghiệp trong 1 năm tới thì xin chúc mừng bạn. Tôi tin rằng những bí mật được tiết lộ trong cuốn sách này sẽ làm bạn thỏa mãn với điều đó. Nếu như bạn mong muốn giao tiếp tiếng Anh thành thạo, chuyên nghiệp từ 3 tới 6 tháng thì cuốn sách này sẽ làm bạn thất vọng. Thực tế cho thấy chưa có ai mới bắt đầu học tiếng Anh có thể giao tiếp được trôi chảy trong thời gian từ 3 – 6 tháng. Đó là ảo tưởng. Nhưng nếu như bạn đang tìm kiếm làm như thế nào có thể sử dụng tiếng Anh giao tiếp thành thạo, chuyên nghiệp trong 1 năm tới thì xin chúc mừng bạn. Tôi tin rằng những bí mật được tiết lộ trong cuốn sách này sẽ làm bạn thỏa mãn với điều đó. Nếu như bạn mong muốn giao tiếp tiếng Anh thành thạo, chuyên nghiệp từ 3 tới 6 tháng thì cuốn sách này sẽ làm bạn thất vọng. Thực tế cho thấy chưa có ai mới bắt đầu học tiếng Anh có thể giao tiếp được trôi chảy trong thời gian từ 3 – 6 tháng. Đó là ảo tưởng. Nhưng nếu như bạn đang tìm kiếm làm như thế nào có thể sử dụng tiếng Anh giao tiếp thành thạo, chuyên nghiệp trong 1 năm tới thì xin chúc mừng bạn. Tôi tin rằng những bí mật được tiết lộ trong cuốn sách này sẽ làm bạn thỏa mãn với điều đó. ',5,13,9,_binary ''),(14,'Ngữ Pháp Tiếng Hàn Cơ Bản','2019-01-17','ngu-phap-tieng-han-co-ban.jpg','NGỮ PHÁP CƠ BẢN TIẾNG HÀN của tác giả Lê Huy Khoa, hệ thống một cách đầy đủ, chính xác và khoa học nhất các kiến thức cơ bản về ngữ pháp tiếng Hàn như danh từ, động từ, tính từ… NGỮ PHÁP CƠ BẢN TIẾNG HÀN của tác giả Lê Huy Khoa, hệ thống một cách đầy đủ, chính xác và khoa học nhất các kiến thức cơ bản về ngữ pháp tiếng Hàn như danh từ, động từ, tính từ… NGỮ PHÁP CƠ BẢN TIẾNG HÀN của tác giả Lê Huy Khoa, hệ thống một cách đầy đủ, chính xác và khoa học nhất các kiến thức cơ bản về ngữ pháp tiếng Hàn như danh từ, động từ, tính từ… NGỮ PHÁP CƠ BẢN TIẾNG HÀN của tác giả Lê Huy Khoa, hệ thống một cách đầy đủ, chính xác và khoa học nhất các kiến thức cơ bản về ngữ pháp tiếng Hàn như danh từ, động từ, tính từ… NGỮ PHÁP CƠ BẢN TIẾNG HÀN của tác giả Lê Huy Khoa, hệ thống một cách đầy đủ, chính xác và khoa học nhất các kiến thức cơ bản về ngữ pháp tiếng Hàn như danh từ, động từ, tính từ… ',5,14,10,_binary '\0'),(15,'Đại Từ Điển Chữ Nôm','2015-12-24','dai-tu-dien-chu-nom.jpg','Sách dày 1600 trang khổ lớn, bao gồm hơn 37.000 chữ Nôm với hơn 7000 âm đọc, là một tài liệu tra cứu thuận tiện và phong phú cho bất cứ ai sử dụng đến chữ Nôm. Trong tình hình nghiên cứu hiện nay, những tư liệu quý và có hệ thống như thế này không nhiều lắm. Đây chắc chắn là một món quà quý giá cho các nhà nghiên cứu chữ Nôm cũng như các độc giả có nhu cầu đọc hiểu các bản văn Nôm, vốn đã trở nên phức tạp và khó hiểu đối với phần lớn những người trẻ được đào tạo theo văn hóa và chữ viết hiện đại. Sách dày 1600 trang khổ lớn, bao gồm hơn 37.000 chữ Nôm với hơn 7000 âm đọc, là một tài liệu tra cứu thuận tiện và phong phú cho bất cứ ai sử dụng đến chữ Nôm. Trong tình hình nghiên cứu hiện nay, những tư liệu quý và có hệ thống như thế này không nhiều lắm. Đây chắc chắn là một món quà quý giá cho các nhà nghiên cứu chữ Nôm cũng như các độc giả có nhu cầu đọc hiểu các bản văn Nôm, vốn đã trở nên phức tạp và khó hiểu đối với phần lớn những người trẻ được đào tạo theo văn hóa và chữ viết hiện đại. ',5,15,11,_binary ''),(16,'Nào Tối Nay Ăn Gì? Thế Lưỡng Nan Của Loài Ăn Tạp','2016-01-09','nao-toi-nay-an-gi-the-luong-nan-cua-loai-an-tap.jpg','Việc trả lời câu hỏi tưởng chừng đơn giản này mang đến một trải nghiệm thú vị, một hành trình hấp dẫn ngược xuôi theo các chuỗi thức ăn để khám phá ra chúng ta đang ăn những gì, chúng bắt đầu từ đâu và bằng cách nào tới được bàn ăn, hé lộ một sự thật bất ngờ, choáng váng: chúng ta đang ăn ngô và dầu mỏ, thay vì thưởng thức bữa tối miễn phí có nguồn gốc từ cỏ và tự nhiên. Hành trình này sẽ đưa chúng ta đến gần hơn sự hiểu biết sâu sắc về thứ chúng ta ăn – và rộng hơn, chính là thứ chúng ta nên ăn. Cuốn hút và khó quên, chân thực và giàu kiến thức, cuốn sách chắc hẳn sẽ thay đổi hoàn toàn lối sống của bất kỳ ai từng đọc. Việc trả lời câu hỏi tưởng chừng đơn giản này mang đến một trải nghiệm thú vị, một hành trình hấp dẫn ngược xuôi theo các chuỗi thức ăn để khám phá ra chúng ta đang ăn những gì, chúng bắt đầu từ đâu và bằng cách nào tới được bàn ăn, hé lộ một sự thật bất ngờ, choáng váng: chúng ta đang ăn ngô và dầu mỏ, thay vì thưởng thức bữa tối miễn phí có nguồn gốc từ cỏ và tự nhiên. Hành trình này sẽ đưa chúng ta đến gần hơn sự hiểu biết sâu sắc về thứ chúng ta ăn – và rộng hơn, chính là thứ chúng ta nên ăn. Cuốn hút và khó quên, chân thực và giàu kiến thức, cuốn sách chắc hẳn sẽ thay đổi hoàn toàn lối sống của bất kỳ ai từng đọc. ',6,16,4,_binary ''),(17,'Homo Deus: Lược Sử Tương Lai','2018-04-30','homo-deus-luoc-su-tuong-lai.jpg','Homo Deus: Lược Sử Tương Lai - Dịch giả Lê Dọn Bàn Homo Deus: Lược Sử Tương Lai - Dịch giả Lê Dọn Bàn Homo Deus: Lược Sử Tương Lai - Dịch giả Lê Dọn Bàn ',6,17,4,_binary '\0'),(18,'Mật Thư','2013-08-31','mat-thu.jpg','Mật thư vốn dĩ đã quá quen thuộc với các bạn trẻ yêu thích các hoạt động đội, nhóm, trại kỹ năng, hướng đạo... và là một phần không thể thiếu trong các trò chơi lớn. Mật thư vốn dĩ đã quá quen thuộc với các bạn trẻ yêu thích các hoạt động đội, nhóm, trại kỹ năng, hướng đạo... và là một phần không thể thiếu trong các trò chơi lớn. Mật thư vốn dĩ đã quá quen thuộc với các bạn trẻ yêu thích các hoạt động đội, nhóm, trại kỹ năng, hướng đạo... và là một phần không thể thiếu trong các trò chơi lớn. Mật thư vốn dĩ đã quá quen thuộc với các bạn trẻ yêu thích các hoạt động đội, nhóm, trại kỹ năng, hướng đạo... và là một phần không thể thiếu trong các trò chơi lớn. ',6,18,2,_binary ''),(19,'Bí Quyết Vẽ Bút Chì','2006-01-14','bi-quyet-ve-but-chi.jpg','Bài tập bắt đầu từ các bước cơ bản nhất: Sử dụng bút chì, tạo nên các sắc độ, tạo các hình khối và các nét cơ bản. Tiếp đến là các nguyên tắc của hình họa, phong cảnh, chân dung động vật...Cuốn sách này trình bày các bước rất chậm rãi, và bạn cũng cần như thế, từng bước một thực hiện các bước này. Thông thường, người lực sĩ trước khi bước vào cuộc chơi phải bắt đầu từ bài tập hâm nóng cơ thể, người nghệ sĩ cũng vậy, luyện tập thật nhuần nhuyễn trước khi nhận lời thách thức với trang giấy trắng. Đó là nguyên tắc. ',7,19,12,_binary '\0'),(20,'Lịch Sử Nghệ Thuật Phương Tây','2018-01-21','lich-su-nghe-thuat-phuong-tay.jpg','Nghệ thuật là phương tiện diễn đạt ý tưởng và cảm xúc bằng hình tượng. Từ thời mông muội, con người đã có bản năng hướng đến cái đẹp. Nhu cầu đó thúc đẩy không ngừng sự tiến hóa và sáng tạo của các bộ môn nghệ thuật. Nó không chỉ thể hiện năng lực tưởng tượng của con người mà còn phản ánh một phần thực tế cuộc sống. Nghệ thuật là phương tiện diễn đạt ý tưởng và cảm xúc bằng hình tượng. Từ thời mông muội, con người đã có bản năng hướng đến cái đẹp. Nhu cầu đó thúc đẩy không ngừng sự tiến hóa và sáng tạo của các bộ môn nghệ thuật. Nó không chỉ thể hiện năng lực tưởng tượng của con người mà còn phản ánh một phần thực tế cuộc sống. Nghệ thuật là phương tiện diễn đạt ý tưởng và cảm xúc bằng hình tượng. Từ thời mông muội, con người đã có bản năng hướng đến cái đẹp. Nhu cầu đó thúc đẩy không ngừng sự tiến hóa và sáng tạo của các bộ môn nghệ thuật. Nó không chỉ thể hiện năng lực tưởng tượng của con người mà còn phản ánh một phần thực tế cuộc sống. ',7,20,12,_binary ''),(21,'Mỹ Thuật Vẽ Chân Dung','2020-01-11','my-thuat-ve-chan-dung.jpg','Quyển sách Mỹ Thuật Vẽ Chân Dung sẽ hướng dẫn người học cách cảm nhận về vẽ chân dung thông qua những bài học cụ thể: Quyển sách Mỹ Thuật Vẽ Chân Dung sẽ hướng dẫn người học cách cảm nhận về vẽ chân dung thông qua những bài học cụ thể: Quyển sách Mỹ Thuật Vẽ Chân Dung sẽ hướng dẫn người học cách cảm nhận về vẽ chân dung thông qua những bài học cụ thể: Quyển sách Mỹ Thuật Vẽ Chân Dung sẽ hướng dẫn người học cách cảm nhận về vẽ chân dung thông qua những bài học cụ thể: Quyển sách Mỹ Thuật Vẽ Chân Dung sẽ hướng dẫn người học cách cảm nhận về vẽ chân dung thông qua những bài học cụ thể: Quyển sách Mỹ Thuật Vẽ Chân Dung sẽ hướng dẫn người học cách cảm nhận về vẽ chân dung thông qua những bài học cụ thể: Quyển sách Mỹ Thuật Vẽ Chân Dung sẽ hướng dẫn người học cách cảm nhận về vẽ chân dung thông qua những bài học cụ thể: Quyển sách Mỹ Thuật Vẽ Chân Dung sẽ hướng dẫn người học cách cảm nhận về vẽ chân dung thông qua những bài học cụ thể: Quyển sách Mỹ Thuật Vẽ Chân Dung sẽ hướng dẫn người học cách cảm nhận về vẽ chân dung thông qua những bài học cụ thể: Quyển sách Mỹ Thuật Vẽ Chân Dung sẽ hướng dẫn người học cách cảm nhận về vẽ chân dung thông qua những bài học cụ thể: Quyển sách Mỹ Thuật Vẽ Chân Dung sẽ hướng dẫn người học cách cảm nhận về vẽ chân dung thông qua những bài học cụ thể: Quyển sách Mỹ Thuật Vẽ Chân Dung sẽ hướng dẫn người học cách cảm nhận về vẽ chân dung thông qua những bài học cụ thể: Quyển sách Mỹ Thuật Vẽ Chân Dung sẽ hướng dẫn người học cách cảm nhận về vẽ chân dung thông qua những bài học cụ thể: ',7,21,12,_binary ''),(22,'Chuỗi Án Mạng A.B.C','2015-06-22','chuoi-an-mang-abc.jpg','Nhà văn Agatha Christie được mệnh danh là \"Nữ hoàng truyện trinh thám\" với số lượng tác phẩm được xuất bản nhiều, chỉ xếp sau Kinh Thánh và Shakespeare. Tại Việt Nam, nhiều thế hệ độc giả đã đọc và say mê sách của bà. Sách của Agatha có mặt trong nhiều tủ sách gia đình, được thế hệ này truyền sang thế hệ khác. Nhà văn Agatha Christie được mệnh danh là \"Nữ hoàng truyện trinh thám\" với số lượng tác phẩm được xuất bản nhiều, chỉ xếp sau Kinh Thánh và Shakespeare. Tại Việt Nam, nhiều thế hệ độc giả đã đọc và say mê sách của bà. Sách của Agatha có mặt trong nhiều tủ sách gia đình, được thế hệ này truyền sang thế hệ khác. Nhà văn Agatha Christie được mệnh danh là \"Nữ hoàng truyện trinh thám\" với số lượng tác phẩm được xuất bản nhiều, chỉ xếp sau Kinh Thánh và Shakespeare. Tại Việt Nam, nhiều thế hệ độc giả đã đọc và say mê sách của bà. Sách của Agatha có mặt trong nhiều tủ sách gia đình, được thế hệ này truyền sang thế hệ khác. Nhà văn Agatha Christie được mệnh danh là \"Nữ hoàng truyện trinh thám\" với số lượng tác phẩm được xuất bản nhiều, chỉ xếp sau Kinh Thánh và Shakespeare. Tại Việt Nam, nhiều thế hệ độc giả đã đọc và say mê sách của bà. Sách của Agatha có mặt trong nhiều tủ sách gia đình, được thế hệ này truyền sang thế hệ khác. Nhà văn Agatha Christie được mệnh danh là \"Nữ hoàng truyện trinh thám\" với số lượng tác phẩm được xuất bản nhiều, chỉ xếp sau Kinh Thánh và Shakespeare. Tại Việt Nam, nhiều thế hệ độc giả đã đọc và say mê sách của bà. Sách của Agatha có mặt trong nhiều tủ sách gia đình, được thế hệ này truyền sang thế hệ khác. Nhà văn Agatha Christie được mệnh danh là \"Nữ hoàng truyện trinh thám\" với số lượng tác phẩm được xuất bản nhiều, chỉ xếp sau Kinh Thánh và Shakespeare. Tại Việt Nam, nhiều thế hệ độc giả đã đọc và say mê sách của bà. Sách của Agatha có mặt trong nhiều tủ sách gia đình, được thế hệ này truyền sang thế hệ khác. Nhà văn Agatha Christie được mệnh danh là \"Nữ hoàng truyện trinh thám\" với số lượng tác phẩm được xuất bản nhiều, chỉ xếp sau Kinh Thánh và Shakespeare. Tại Việt Nam, nhiều thế hệ độc giả đã đọc và say mê sách của bà. Sách của Agatha có mặt trong nhiều tủ sách gia đình, được thế hệ này truyền sang thế hệ khác. ',8,22,2,_binary '\0'),(23,'Án Mạng Ðêm Cuối Năm','2017-01-14','an-mang-em-cuoi-nam.jpg','Tuyển tập truyện trinh thám hay của tác giả có số sách được bán chạy nhất lịch sử - Agatha Christie. ',8,22,2,_binary ''),(24,'Tình Yêu Phù Thủy (Biệt Thự Bạch Mã)','2016-03-27','tinh-yeu-phu-thuy-biet-thu-bach-ma.jpg','Tình Yêu Phù Thủy hay Biệt Thự Bạch Mã là tên bản dịch của cuốn tiểu thuyết The Pale Horse do nhà văn trinh thám nổi tiếng Agatha Christie sáng tác. Trong phầm này, chúng ta sẽ cùng thanh tra Lejeune đi tìm chân tướng sự việc. ',8,22,2,_binary ''),(25,'Hành Trình Của Linh Hồn','2016-09-30','hanh-trinh-cua-linh-hon.jpg','Bạn có sợ chết không? Bạn có tự hỏi điều gì sẽ xảy ra sau khi bạn chết không? Có thể nào bạn có một linh hồn đến từ đâu đó và sẽ trở về đó sau khi thân xác bạn chết đi, hay đó chỉ là một điều ước ao vì bạn quá sợ hãi? Bạn có sợ chết không? Bạn có tự hỏi điều gì sẽ xảy ra sau khi bạn chết không? Có thể nào bạn có một linh hồn đến từ đâu đó và sẽ trở về đó sau khi thân xác bạn chết đi, hay đó chỉ là một điều ước ao vì bạn quá sợ hãi? Bạn có sợ chết không? Bạn có tự hỏi điều gì sẽ xảy ra sau khi bạn chết không? Có thể nào bạn có một linh hồn đến từ đâu đó và sẽ trở về đó sau khi thân xác bạn chết đi, hay đó chỉ là một điều ước ao vì bạn quá sợ hãi? Bạn có sợ chết không? Bạn có tự hỏi điều gì sẽ xảy ra sau khi bạn chết không? Có thể nào bạn có một linh hồn đến từ đâu đó và sẽ trở về đó sau khi thân xác bạn chết đi, hay đó chỉ là một điều ước ao vì bạn quá sợ hãi? Bạn có sợ chết không? Bạn có tự hỏi điều gì sẽ xảy ra sau khi bạn chết không? Có thể nào bạn có một linh hồn đến từ đâu đó và sẽ trở về đó sau khi thân xác bạn chết đi, hay đó chỉ là một điều ước ao vì bạn quá sợ hãi? Bạn có sợ chết không? Bạn có tự hỏi điều gì sẽ xảy ra sau khi bạn chết không? Có thể nào bạn có một linh hồn đến từ đâu đó và sẽ trở về đó sau khi thân xác bạn chết đi, hay đó chỉ là một điều ước ao vì bạn quá sợ hãi? Bạn có sợ chết không? Bạn có tự hỏi điều gì sẽ xảy ra sau khi bạn chết không? Có thể nào bạn có một linh hồn đến từ đâu đó và sẽ trở về đó sau khi thân xác bạn chết đi, hay đó chỉ là một điều ước ao vì bạn quá sợ hãi? Bạn có sợ chết không? Bạn có tự hỏi điều gì sẽ xảy ra sau khi bạn chết không? Có thể nào bạn có một linh hồn đến từ đâu đó và sẽ trở về đó sau khi thân xác bạn chết đi, hay đó chỉ là một điều ước ao vì bạn quá sợ hãi? Bạn có sợ chết không? Bạn có tự hỏi điều gì sẽ xảy ra sau khi bạn chết không? Có thể nào bạn có một linh hồn đến từ đâu đó và sẽ trở về đó sau khi thân xác bạn chết đi, hay đó chỉ là một điều ước ao vì bạn quá sợ hãi? Bạn có sợ chết không? Bạn có tự hỏi điều gì sẽ xảy ra sau khi bạn chết không? Có thể nào bạn có một linh hồn đến từ đâu đó và sẽ trở về đó sau khi thân xác bạn chết đi, hay đó chỉ là một điều ước ao vì bạn quá sợ hãi? Bạn có sợ chết không? Bạn có tự hỏi điều gì sẽ xảy ra sau khi bạn chết không? Có thể nào bạn có một linh hồn đến từ đâu đó và sẽ trở về đó sau khi thân xác bạn chết đi, hay đó chỉ là một điều ước ao vì bạn quá sợ hãi? Bạn có sợ chết không? Bạn có tự hỏi điều gì sẽ xảy ra sau khi bạn chết không? Có thể nào bạn có một linh hồn đến từ đâu đó và sẽ trở về đó sau khi thân xác bạn chết đi, hay đó chỉ là một điều ước ao vì bạn quá sợ hãi? Bạn có sợ chết không? Bạn có tự hỏi điều gì sẽ xảy ra sau khi bạn chết không? Có thể nào bạn có một linh hồn đến từ đâu đó và sẽ trở về đó sau khi thân xác bạn chết đi, hay đó chỉ là một điều ước ao vì bạn quá sợ hãi? Bạn có sợ chết không? Bạn có tự hỏi điều gì sẽ xảy ra sau khi bạn chết không? Có thể nào bạn có một linh hồn đến từ đâu đó và sẽ trở về đó sau khi thân xác bạn chết đi, hay đó chỉ là một điều ước ao vì bạn quá sợ hãi? Bạn có sợ chết không? Bạn có tự hỏi điều gì sẽ xảy ra sau khi bạn chết không? Có thể nào bạn có một linh hồn đến từ đâu đó và sẽ trở về đó sau khi thân xác bạn chết đi, hay đó chỉ là một điều ước ao vì bạn quá sợ hãi? Bạn có sợ chết không? Bạn có tự hỏi điều gì sẽ xảy ra sau khi bạn chết không? Có thể nào bạn có một linh hồn đến từ đâu đó và sẽ trở về đó sau khi thân xác bạn chết đi, hay đó chỉ là một điều ước ao vì bạn quá sợ hãi? Bạn có sợ chết không? Bạn có tự hỏi điều gì sẽ xảy ra sau khi bạn chết không? Có thể nào bạn có một linh hồn đến từ đâu đó và sẽ trở về đó sau khi thân xác bạn chết đi, hay đó chỉ là một điều ước ao vì bạn quá sợ hãi? Bạn có sợ chết không? Bạn có tự hỏi điều gì sẽ xảy ra sau khi bạn chết không? Có thể nào bạn có một linh hồn đến từ đâu đó và sẽ trở về đó sau khi thân xác bạn chết đi, hay đó chỉ là một điều ước ao vì bạn quá sợ hãi? Bạn có sợ chết không? Bạn có tự hỏi điều gì sẽ xảy ra sau khi bạn chết không? Có thể nào bạn có một linh hồn đến từ đâu đó và sẽ trở về đó sau khi thân xác bạn chết đi, hay đó chỉ là một điều ước ao vì bạn quá sợ hãi? Bạn có sợ chết không? Bạn có tự hỏi điều gì sẽ xảy ra sau khi bạn chết không? Có thể nào bạn có một linh hồn đến từ đâu đó và sẽ trở về đó sau khi thân xác bạn chết đi, hay đó chỉ là một điều ước ao vì bạn quá sợ hãi? Bạn có sợ chết không? Bạn có tự hỏi điều gì sẽ xảy ra sau khi bạn chết không? Có thể nào bạn có một linh hồn đến từ đâu đó và sẽ trở về đó sau khi thân xác bạn chết đi, hay đó chỉ là một điều ước ao vì bạn quá sợ hãi? Bạn có sợ chết không? Bạn có tự hỏi điều gì sẽ xảy ra sau khi bạn chết không? Có thể nào bạn có một linh hồn đến từ đâu đó và sẽ trở về đó sau khi thân xác bạn chết đi, hay đó chỉ là một điều ước ao vì bạn quá sợ hãi? ',9,23,13,_binary ''),(26,'Hành Trình Tới Các Cõi Bên Kia Cái Chết','2016-03-22','hanh-trinh-toi-cac-coi-ben-kia-cai-chet.jpg','\"Hành Trình Tới Các Cõi Bên Kia Cái Chết\" - quyển sách về thế giới tâm linh đầy huyền bí này sẽ dẫn chân bạn đi đến khám phá các cõi bên kia một thế giới khác thế giới chúng ta đang sống mà không ai muốn đặt chân đến, nhưng theo quy luật của cuộc sống, đời người phải trải qua sinh-lão-bệnh-tử, tử là đích đến cuối cùng của đời người, nơi đó chính là cõi chết. Nội dung quyển sách gồm các phần: - Núi Huy Hoàng màu đồng đỏ - Những quán chiếu trong tấm gương pha lê - Núi Potala - Yulokod - Cầu thang đưa tới giải thoát \"Quả thực kinh nghiệm trực tiếp về những cõi giới khác đã làm cho mẹ tôi có một quyền lực tâm linh vĩ đại khi bà giảng về hành vi đúng đắn và nhân quả nghiệp báo. Không ai nghi ngờ điều bà nói, không chỉ vì những Lạt ma vĩ đại như Tromge Trungpa đã chứng kiến tử thi của bà trở lại cuộc đời, mà cũng bởi bà đã biết chỗ cất dấu những đồng tiền và những hành động của người đã khuất trước khi họ chết - những việc mà bà không thể biết nếu không được những người bà gặp trực tiếp cho biết khi bà là một delog. Sau này trong đời bà, một trong những người cộng tác nhiệt thành nhất trong những công trình của bà là một thương gia Tây Tạng; ông ta từng là một người vô thần cứng đầu trong vùng cho tới khi mẹ tôi gởi tới ông thông tin về số tiền chôn dấu của người chị quá cố của ông.\" ',9,24,14,_binary ''),(27,'Đức Phật Và Phật Pháp','1998-05-26','duc-phat-va-phat-phap.jpg','Quyển \"The Buddha and His Teachings\" (Đức Phật và Phật Pháp) được ấn hành tại Sài gòn năm 1964 nhờ sự phát tâm bố thí của liệt vị Phật tử Việt Nam. Quyển \"The Buddha and His Teachings\" (Đức Phật và Phật Pháp) được ấn hành tại Sài gòn năm 1964 nhờ sự phát tâm bố thí của liệt vị Phật tử Việt Nam. Quyển \"The Buddha and His Teachings\" (Đức Phật và Phật Pháp) được ấn hành tại Sài gòn năm 1964 nhờ sự phát tâm bố thí của liệt vị Phật tử Việt Nam. Quyển \"The Buddha and His Teachings\" (Đức Phật và Phật Pháp) được ấn hành tại Sài gòn năm 1964 nhờ sự phát tâm bố thí của liệt vị Phật tử Việt Nam. Quyển \"The Buddha and His Teachings\" (Đức Phật và Phật Pháp) được ấn hành tại Sài gòn năm 1964 nhờ sự phát tâm bố thí của liệt vị Phật tử Việt Nam. Quyển \"The Buddha and His Teachings\" (Đức Phật và Phật Pháp) được ấn hành tại Sài gòn năm 1964 nhờ sự phát tâm bố thí của liệt vị Phật tử Việt Nam. Quyển \"The Buddha and His Teachings\" (Đức Phật và Phật Pháp) được ấn hành tại Sài gòn năm 1964 nhờ sự phát tâm bố thí của liệt vị Phật tử Việt Nam. Quyển \"The Buddha and His Teachings\" (Đức Phật và Phật Pháp) được ấn hành tại Sài gòn năm 1964 nhờ sự phát tâm bố thí của liệt vị Phật tử Việt Nam. Quyển \"The Buddha and His Teachings\" (Đức Phật và Phật Pháp) được ấn hành tại Sài gòn năm 1964 nhờ sự phát tâm bố thí của liệt vị Phật tử Việt Nam. Quyển \"The Buddha and His Teachings\" (Đức Phật và Phật Pháp) được ấn hành tại Sài gòn năm 1964 nhờ sự phát tâm bố thí của liệt vị Phật tử Việt Nam. Quyển \"The Buddha and His Teachings\" (Đức Phật và Phật Pháp) được ấn hành tại Sài gòn năm 1964 nhờ sự phát tâm bố thí của liệt vị Phật tử Việt Nam. Quyển \"The Buddha and His Teachings\" (Đức Phật và Phật Pháp) được ấn hành tại Sài gòn năm 1964 nhờ sự phát tâm bố thí của liệt vị Phật tử Việt Nam. Quyển \"The Buddha and His Teachings\" (Đức Phật và Phật Pháp) được ấn hành tại Sài gòn năm 1964 nhờ sự phát tâm bố thí của liệt vị Phật tử Việt Nam. Quyển \"The Buddha and His Teachings\" (Đức Phật và Phật Pháp) được ấn hành tại Sài gòn năm 1964 nhờ sự phát tâm bố thí của liệt vị Phật tử Việt Nam. Quyển \"The Buddha and His Teachings\" (Đức Phật và Phật Pháp) được ấn hành tại Sài gòn năm 1964 nhờ sự phát tâm bố thí của liệt vị Phật tử Việt Nam. Quyển \"The Buddha and His Teachings\" (Đức Phật và Phật Pháp) được ấn hành tại Sài gòn năm 1964 nhờ sự phát tâm bố thí của liệt vị Phật tử Việt Nam. ',9,25,7,_binary ''),(28,'Giải Mã Giấc Mơ','2014-05-08','giai-ma-giac-mo.jpg','Giải Mã Giấc Mơ không phải là những giải đáp khoa học cho một hiện tượng bí ẩn nhưng lại rất quen thuộc đối với con người: giấc mơ. Mặc dù có không ít những nhà khoa học trên thế giới rất quan tâm lý giải quyết vấn đề này. Mặc dù cho đến tận bây giờ, mỗi con người bình thường đều luôn tự hỏi giấc mơ đêm qua, đêm kia của mình có liên hệ thế nào với thực tại hay không? Giải Mã Giấc Mơ không phải là những giải đáp khoa học cho một hiện tượng bí ẩn nhưng lại rất quen thuộc đối với con người: giấc mơ. Mặc dù có không ít những nhà khoa học trên thế giới rất quan tâm lý giải quyết vấn đề này. Mặc dù cho đến tận bây giờ, mỗi con người bình thường đều luôn tự hỏi giấc mơ đêm qua, đêm kia của mình có liên hệ thế nào với thực tại hay không? ',10,26,15,_binary '\0'),(29,'Tử Vi Đẩu Số Toàn Thư','2012-07-31','tu-vi-dau-so-toan-thu-hi-di-tran-doan-vu-tai-luc.jpg','Tử vi đẩu số toàn thư (1973) Tác giả: Hi Di Trần Đoàn Dịch giả: Vũ Tài Lục Tử vi đẩu số toàn thư (1973) Tác giả: Hi Di Trần Đoàn Dịch giả: Vũ Tài Lục Tử vi đẩu số toàn thư (1973) Tác giả: Hi Di Trần Đoàn Dịch giả: Vũ Tài Lục Tử vi đẩu số toàn thư (1973) Tác giả: Hi Di Trần Đoàn Dịch giả: Vũ Tài Lục ',10,27,16,_binary '\0'),(30,'Phong Thủy Toàn Thư','2016-06-27','phong-thuy-toan-thu-dong-di-lam.jpg','Lịch sử văn minh nhân loại là một bộ lịch sử của sự không ngừng mưu cầu, sinh tồn và phát triển. Toàn bộ lí luận phong thuỷ cổ đại cũng là vì cứu sinh, vì sự trường thọ của sinh mệnh, vì sự thịnh vượng của con cháu, vì một cuộc sống phú quý. Lịch sử văn minh nhân loại là một bộ lịch sử của sự không ngừng mưu cầu, sinh tồn và phát triển. Toàn bộ lí luận phong thuỷ cổ đại cũng là vì cứu sinh, vì sự trường thọ của sinh mệnh, vì sự thịnh vượng của con cháu, vì một cuộc sống phú quý. Lịch sử văn minh nhân loại là một bộ lịch sử của sự không ngừng mưu cầu, sinh tồn và phát triển. Toàn bộ lí luận phong thuỷ cổ đại cũng là vì cứu sinh, vì sự trường thọ của sinh mệnh, vì sự thịnh vượng của con cháu, vì một cuộc sống phú quý. ',10,28,17,_binary ''),(31,'Tại Sao Mác Đúng?','2011-02-28','tai-sao-mac-dung-.jpg','Tại sao Mác đúng? là một tác phẩm có giá trị tham khảo tốt, mang lại cho chúng ta thêm một cách nhìn mới, một cơ sở mới để củng cố niềm tin vào chủ nghĩa Mác với vai trò là nền tảng tư tưởng của công cuộc cách mạng xây dựng phát triển đất nước theo con đường xã hội chủ nghĩa. ',11,29,18,_binary ''),(32,'Trật Tự Thế Giới','2016-12-11','trat-tu-the-gioi.jpg','Trong tác phẩm Trật Tự Thế Giới, Kissinger xuất phát từ Hòa ước Westphalia để phân tích về tương quan giữa các nước, chủ yếu là các cường quốc và các khu vực giữ một vai trò đặc biệt đối với bức tranh địa chính trị thế giới, với những khác biệt trong thế giới quan và vị trí địa lý đã ảnh hưởng đến chính sách ngoại giao của mỗi nước như thế nào. Tác giả dành chương cuối (chương 9) để bàn về vấn đề toàn cầu hoá trong thời đại khoa học công nghệ, đặc biệt là tin học và truyền thông đại chúng lan tràn đã tác động mạnh mẽ đến dư luận, các nhà lãnh đạo và các quyết định chính trị hiện nay. Trong tác phẩm Trật Tự Thế Giới, Kissinger xuất phát từ Hòa ước Westphalia để phân tích về tương quan giữa các nước, chủ yếu là các cường quốc và các khu vực giữ một vai trò đặc biệt đối với bức tranh địa chính trị thế giới, với những khác biệt trong thế giới quan và vị trí địa lý đã ảnh hưởng đến chính sách ngoại giao của mỗi nước như thế nào. Tác giả dành chương cuối (chương 9) để bàn về vấn đề toàn cầu hoá trong thời đại khoa học công nghệ, đặc biệt là tin học và truyền thông đại chúng lan tràn đã tác động mạnh mẽ đến dư luận, các nhà lãnh đạo và các quyết định chính trị hiện nay. Trong tác phẩm Trật Tự Thế Giới, Kissinger xuất phát từ Hòa ước Westphalia để phân tích về tương quan giữa các nước, chủ yếu là các cường quốc và các khu vực giữ một vai trò đặc biệt đối với bức tranh địa chính trị thế giới, với những khác biệt trong thế giới quan và vị trí địa lý đã ảnh hưởng đến chính sách ngoại giao của mỗi nước như thế nào. Tác giả dành chương cuối (chương 9) để bàn về vấn đề toàn cầu hoá trong thời đại khoa học công nghệ, đặc biệt là tin học và truyền thông đại chúng lan tràn đã tác động mạnh mẽ đến dư luận, các nhà lãnh đạo và các quyết định chính trị hiện nay. Trong tác phẩm Trật Tự Thế Giới, Kissinger xuất phát từ Hòa ước Westphalia để phân tích về tương quan giữa các nước, chủ yếu là các cường quốc và các khu vực giữ một vai trò đặc biệt đối với bức tranh địa chính trị thế giới, với những khác biệt trong thế giới quan và vị trí địa lý đã ảnh hưởng đến chính sách ngoại giao của mỗi nước như thế nào. Tác giả dành chương cuối (chương 9) để bàn về vấn đề toàn cầu hoá trong thời đại khoa học công nghệ, đặc biệt là tin học và truyền thông đại chúng lan tràn đã tác động mạnh mẽ đến dư luận, các nhà lãnh đạo và các quyết định chính trị hiện nay. Trong tác phẩm Trật Tự Thế Giới, Kissinger xuất phát từ Hòa ước Westphalia để phân tích về tương quan giữa các nước, chủ yếu là các cường quốc và các khu vực giữ một vai trò đặc biệt đối với bức tranh địa chính trị thế giới, với những khác biệt trong thế giới quan và vị trí địa lý đã ảnh hưởng đến chính sách ngoại giao của mỗi nước như thế nào. Tác giả dành chương cuối (chương 9) để bàn về vấn đề toàn cầu hoá trong thời đại khoa học công nghệ, đặc biệt là tin học và truyền thông đại chúng lan tràn đã tác động mạnh mẽ đến dư luận, các nhà lãnh đạo và các quyết định chính trị hiện nay. ',11,30,4,_binary '\0'),(33,'Lịch Sử Y Học','2016-12-22','lich-su-y-hoc.jpg','Cuốn lịch sử Y học viết về sự phát triển của ngành nghề chăm sóc sức khỏe con người qua các thời đại và ở các nền văn hóa khác nhau. Khác một chút với việc đọc các bài viết về Lịch sử, hoặc lịch sử các ngành khoa học như Vật lý, Toán học hay Sinh học, là những việc nghiêng về sở thích riêng của từng người, việc đọc cuốn Lịch sử Y học, nên là nhu cầu của tất cả con người có khát khao sống khỏe mạnh và có ý nghĩa. Đọc cuốn sách này, bạn sẽ thôi cho rằng phó mặc hoàn toàn sức khỏe của bạn cho bác sĩ là một điều khôn ngoan. Bạn cũng sẽ hiểu rằng mặc dù có những tiến bộ vượt bậc và thần kỳ trong hiểu biết của con người về vấn đề sức khỏe trong hai thế kỷ qua, chúng ta vẫn đang thất bại trước những căn bệnh hoặc vấn đề từng là cơn đau đầu của những thầy thuốc thời cổ đại và cận đại, ví dụ như ung thư, các bệnh truyền nhiễm, các bệnh tâm thần và bệnh thoái hóa. Và cuối cùng, bạn sẽ nhận ra rằng cuộc đời mình cũng chỉ là một phần nhỏ trong lịch sử loài người, và rất có thể con cháu vài chục thế hệ sau của bạn khi được đọc về phần lịch sử Y học ở thế kỷ XXI cũng không thể không lắc đầu cười về những \'ấu trĩ\' của xã hội hiện hành. Cuốn lịch sử Y học viết về sự phát triển của ngành nghề chăm sóc sức khỏe con người qua các thời đại và ở các nền văn hóa khác nhau. Khác một chút với việc đọc các bài viết về Lịch sử, hoặc lịch sử các ngành khoa học như Vật lý, Toán học hay Sinh học, là những việc nghiêng về sở thích riêng của từng người, việc đọc cuốn Lịch sử Y học, nên là nhu cầu của tất cả con người có khát khao sống khỏe mạnh và có ý nghĩa. Đọc cuốn sách này, bạn sẽ thôi cho rằng phó mặc hoàn toàn sức khỏe của bạn cho bác sĩ là một điều khôn ngoan. Bạn cũng sẽ hiểu rằng mặc dù có những tiến bộ vượt bậc và thần kỳ trong hiểu biết của con người về vấn đề sức khỏe trong hai thế kỷ qua, chúng ta vẫn đang thất bại trước những căn bệnh hoặc vấn đề từng là cơn đau đầu của những thầy thuốc thời cổ đại và cận đại, ví dụ như ung thư, các bệnh truyền nhiễm, các bệnh tâm thần và bệnh thoái hóa. Và cuối cùng, bạn sẽ nhận ra rằng cuộc đời mình cũng chỉ là một phần nhỏ trong lịch sử loài người, và rất có thể con cháu vài chục thế hệ sau của bạn khi được đọc về phần lịch sử Y học ở thế kỷ XXI cũng không thể không lắc đầu cười về những \'ấu trĩ\' của xã hội hiện hành. ',11,31,2,_binary '\0'),(34,'Đời Callboy','2012-04-07','doi-callboy.jpg','Đời Callboy có những đoạn trần trụi khiến người ta hoài nghi về độ thật của nó và tự hỏi: “Xã hội thực sự là thế ư?”, nhưng nếu một lần tận mắt chứng kiến những gì đang xảy ra, mọi người sẽ hiểu rằng “Đời Callboy” của Nguyễn Ngọc Thạch đã đi đến được những góc khuất nhất của “nghề nghiệp” bị người đời coi khinh này. Callboy, những người thanh niên dùng thân xác đổi lấy đồng tiền, vẫn tồn tại trong thế giới bóng tối… Đồng tính – cũng không còn là một chủ đề mới của văn đàn, nhưng đa phần chỉ là những tác phẩm được chấp bút ghi lại theo lời kể của một nhân vật có thật. Tuy nhiên nếu một “người trong cuộc” tự viết về chính mình thì mọi việc sẽ khác hẳn. Hãy đọc “Đời Callboy” của Nguyễn Ngọc Thạch để hiểu hơn về thế giới những người đàn ông yêu nhau nhưng bị chi phối mãnh liệt bởi đồng tiền và tình dục. Và để hiểu hơn rằng, giới tính không phải là thứ quyết định nhân cách sống của bạn. “Đôi khi tôi nghĩ, mình có duyên với “đĩ”. Đời Callboy có những đoạn trần trụi khiến người ta hoài nghi về độ thật của nó và tự hỏi: “Xã hội thực sự là thế ư?”, nhưng nếu một lần tận mắt chứng kiến những gì đang xảy ra, mọi người sẽ hiểu rằng “Đời Callboy” của Nguyễn Ngọc Thạch đã đi đến được những góc khuất nhất của “nghề nghiệp” bị người đời coi khinh này. Callboy, những người thanh niên dùng thân xác đổi lấy đồng tiền, vẫn tồn tại trong thế giới bóng tối… Đồng tính – cũng không còn là một chủ đề mới của văn đàn, nhưng đa phần chỉ là những tác phẩm được chấp bút ghi lại theo lời kể của một nhân vật có thật. Tuy nhiên nếu một “người trong cuộc” tự viết về chính mình thì mọi việc sẽ khác hẳn. Hãy đọc “Đời Callboy” của Nguyễn Ngọc Thạch để hiểu hơn về thế giới những người đàn ông yêu nhau nhưng bị chi phối mãnh liệt bởi đồng tiền và tình dục. Và để hiểu hơn rằng, giới tính không phải là thứ quyết định nhân cách sống của bạn. “Đôi khi tôi nghĩ, mình có duyên với “đĩ”. ',12,32,19,_binary '\0'),(35,'Con Hoang','2017-09-20','con-hoang.jpg','Lại đêm nữa, bà đơn phương vùi khát thèm bằng trắng đêm giã gạo. Những đêm trăng quê yên tĩnh trải rộng miên man dài. Những đêm giã gạo toát mồ hôi, gió vừa đủ lạnh thấm lỗ chân lông gời gợi. Những đêm không chịu nổi, bà ôm chặt cái thân cối giã gạo, òa khóc cho hả lòng hả dạ, cho bớt tủi nhục cô đơn. Trong đêm, cái khúc gỗ nhãn làm thân cối giã gạo được bào nhẵn vuông tròn mịn màng hiển hiện như một thân thể đàn ông. Tại sao không cho bà được yêu thương, được ôm ấp, được giận hờn... ',12,33,20,_binary ''),(36,'Tuổi Thơ Dữ Dội','2013-06-30','tuoi-tho-du-doi.jpg','Thể loại: Tiểu thuyết Việt Nam Phùng Quán (1932 - 1995), sinh ra tại Thừa Thiên - Huế, Ông là một nhà văn, nhà thơ Việt Nam. Ông bắt đầu viết trong khoảng thời gian của cuộc chiến tranh Đông Dương. Năm 1988, cuốn tiểu thuyết Tuổi thơ dữ dội của ông được xuất bản và nhận giải thưởng văn học Thiếu nhi của Hội nhà văn Việt Nam vào hai năm sau đó. Ngoài thể loại văn xuôi, ông còn viết những bài thơ thể hiện nỗi buồn của cuộc đời, một tâm hồn yêu nước, thương nòi, ngay thẳng và chứng kiến nhiều bất công dối trá: \"Tôi muốn đúc thơ thành đạn Bắn vào tim những kẻ làm càn Những người tiêu máu của dân Như tiêu giấy bạc giả! Tôi đã đến dự những phiên toà Họp suốt ngày luận bàn xử tội Những con chuột mặc quần áo bộ đội Đục cơm khoét áo chúng ta Ăn cắp máu dân đổi chác đồng hồ Kim phút kim giờ lép gầy như bụng đói\" \"Yêu ai cứ bảo là yêu Ghét ai cứ bảo là ghét Dù ai ngon ngọt nuông chiều Cũng không nói yêu thành ghét Dù ai cầm dao doạ giết Cũng không nói ghét thành yêu Tôi muốn làm nhà văn chân thật chân thật trọn đời Đường mật công danh không làm ngọt được lưỡi tôi Sét nổ trên đầu không xô tôi ngã Bút giấy tôi ai cướp giật đi Tôi sẽ dùng dao viết văn lên đá\" \"Tôi có quyền gì được no hơn nhân dân tôi một miếng ăn? Tôi có quyền gì lên xe xuống ngựa Khi gót chân nhân dân tôi nứt nẻ bụi đường?\" \"Một niềm yêu tôi không đổi thay Một niềm tin tôi không thay đổi viết trên giấy có kẻ giòng Là nhà văn Tôi đã viết suốt 30 năm là chiến sĩ Tôi là xạ thủ cấp kiện tướng trung đoàn Tôi có thể viết như bắn .... Không có gì đẹp hơn Viết ngay và viết thẳng Là nhà văn Tôi yêu tha thiết Sự ngay thẳng tột cùng Ngay thẳng thuỷ chung Của mỗi chữ viết\" \"Có những phút ngã lòng Tôi vịn câu thơ mà đứng dậy\" Tuổi thơ dữ dội là cuốn sách không những chứa đựng một câu chuyện đầy xúc động mà lối viết của Phùng Quán còn rất hóm hỉnh, thông minh. Mình tin rằng Tuổi thơ dữ dội là chất liệu rất tuyệt vời để giáo dục các em nhỏ thời nay về lòng yêu nước cũng như những phẩm chất đạo đức tốt đẹp, hiếm có. ',12,34,21,_binary ''),(37,'Anh Ấy Thả Siêu Nhiều Thính','2020-01-04','anh-ay-tha-sieu-nhieu-thinh.jpg','Độ dài: 57 chương + 1 PN Thể loại: Hiện đại, đô thị tình duyên, ngọt, sủng, HE. CP chính: Hứa Trì x Tần Cần Bác sĩ trưởng Hứa Trì hay nói rằng, răng khôn là cái thứ rất khó chịu, nhổ sớm thì được \"giải thoát\", nhổ trễ thì phải \"thoả hiệp\" Vị bác sĩ này không ngờ, cuối cùng mình lại thua bởi một cái \"răng khôn\", vì nó mọc trong lòng, muốn nhổ cũng không được. \"Răng khôn\" này tên là Tần Cần ',13,35,22,_binary ''),(38,'Dịu Dàng Dành Riêng Em','2019-12-18','diu-dang-danh-rieng-em.jpg','Thể loại: Ngọt, sủng, showbiz Độ dài: 75 chương Editor: Jins Vội vã từ California Mĩ bay đến Hàn Quốc. Máy bay vừa hạ cánh, Hạ Dĩ Hàm đeo lên kính râm, bước nhanh ra khỏi sân bay. Trên tay trống không, cô không mang bất kì hành lý nào, chỉ vì quá sốt ruột sau khi nhận được điện thoại của chị mình. Hạ Dĩ Hàm lên xe taxi, dùng chút tiếng Hàn ngắc ngứ báo địa chỉ một bệnh viện, sau đó dựa lưng vào ghế, thoáng nhíu mày. Đêm qua đột nhiên cô nhận được điện thoại của Hạ Dĩ San, cô ấy nói cuộc phẫu thuật thẩm mĩ của cô ấy gặp chút vấn đề, bây giờ gương mặt thảm hại đến nỗi không dám nhìn nữa, cô ấy muốn trước khi cách ly với người đời được gặp em gái một lần. Tuy nhiên, có một điều kiện là, chuyện này phải tuyệt đối giữ bí mật, kể cả bố mẹ cũng không được biết. ',13,36,22,_binary ''),(39,'Xin Hãy Ôm Em','2020-04-22','xin-hay-om-em.jpg','Dịch giả: Tô Ngọc Hà \" Cái motip tổng tài bá đạo thật sự đã rất quen rât quen thuộc rồi. Tình tiết quanh đi quẩn lại cũng là những hiểu lầm, ngộ nhận, nhận ra tình cảm, lại sóng gió, cứ hợp rồi tan, tan rồi hợp... Tình một đêm kết thúc, ai nấy rồi cũng thành người xa lạ thôi! Vậy là được. Cớ gì cứ phải cưỡng ép bên nhau? Thế nhưng tổng tài chính là thích bá đạo như vậy đó, được không hử? \"Một đêm triền miên, quăng qua hai trăm đồng, tự nhận mình xui xẻo! Những tưởng từ nay là người qua đường, nhưng lại ba lần bốn lượt bị bắt trở lại giường... Về sau cô phẫn nộ, đổi lại anh lại nghiêm túc nói yêu cầu cô chịu trách nhiệm. Cô rất muốn biết: \"Chịu trách nhiệm thế nào?\" Anh nhào tới như hổ vồ: \"Tiếp tục ngủ!~\" Truyện có ba phần, mỗi phần là 1 cặp khác nhau. Văn án chỉ dành cho cặp chính ^^~ ',13,37,22,_binary '\0'),(40,'Ba Chàng Ngốc','2018-08-28','ba-chang-ngoc.jpg','Bạn muốn biết cách luyện thi vào một trường đại học hạng nhất? Ôi thôi đi, dễ chừng một nửa số cây trên thế giới đã bị đốn để in các loại sách có khi đều đáng vứt vào sọt rác rồi còn gì. Bạn muốn một cuốn cẩm nang dạy cách sống sót qua những năm đại học? Thế cũng thôi đi, đến chúng tôi còn chẳng hiểu làm sao có thể gắng gượng được đến phút cuối nữa là. Bạn muốn biết cách luyện thi vào một trường đại học hạng nhất? Ôi thôi đi, dễ chừng một nửa số cây trên thế giới đã bị đốn để in các loại sách có khi đều đáng vứt vào sọt rác rồi còn gì. Bạn muốn một cuốn cẩm nang dạy cách sống sót qua những năm đại học? Thế cũng thôi đi, đến chúng tôi còn chẳng hiểu làm sao có thể gắng gượng được đến phút cuối nữa là. Bạn muốn biết cách luyện thi vào một trường đại học hạng nhất? Ôi thôi đi, dễ chừng một nửa số cây trên thế giới đã bị đốn để in các loại sách có khi đều đáng vứt vào sọt rác rồi còn gì. Bạn muốn một cuốn cẩm nang dạy cách sống sót qua những năm đại học? Thế cũng thôi đi, đến chúng tôi còn chẳng hiểu làm sao có thể gắng gượng được đến phút cuối nữa là. ',14,38,20,_binary ''),(41,'Chuyện đời trong quán rượu','2014-07-22','Chuyen-doi-trong-quan-ruou.jpg','',14,39,15,_binary '\0'),(42,'Ba Chàng Cùng Hội Cùng Thuyền','2007-09-05','ba-chang-cung-hoi-cung-thuyen.jpg','',14,40,23,_binary '\0'),(43,'Mối Tình Đầu','2016-06-03','moi-tinh-dau-ivan-turgenev.jpg','Đã biết bao người tự hỏi: liệu Mối tình đầu của Turgennev là mối tình của ông và một nữ danh ca nổi tiếng Pháp - mối tình được đánh giá là \"Mối tình xuyên qua thế kỷ\" và có phải đó là một mối tình tay ba? - Turgenev yêu nữ danh ca ngay từ cái nhìn đầu tiên? + Rõ ràng như vậy. Họ gặp nhau vào mùa giải đầu tiên của bà ở Peterburg vào tháng 11 năm 1843. Nhà văn mến mộ Polina và qua bà - cả nước Pháp mà ông lý tưởng hoá. Polina đối với ông là một thần tượng không với tới. Và tình cảm của họ không thể xếp vào loại bình thường. - Ông khẳng định rằng giữa Polina và Ivan Turgenev chỉ có tình yêu lãng mạn? + Rất có thể, vào những năm đầu mới quen biết nhau giữa họ có một điều gì đấy, không ai biết dược. Nhưng tôi tuyệt đối tin tưởng rằng Polina và chồng bà Louis Viardot, nhà văn và nhà phê bình nghệ thuật, không thể sống chung với nhau hơn 40 năm trời nếu Turgenev là nhân tình của nữ ca sĩ. - Nhưng dù sao trong cuốn nhật ký của mình Turgenev viết bằng tiếng Nga: “Mình lần đầu tiên với P. 26 tháng 6 năm 1849”. Đến thời gian đó nhà văn đã quen biết Viardot được 6 năm. + Đó là câu duy nhất gây ra nhiều suy diễn. Chính Turgenev nhận xét rằng ông và bà Viardot gắn bó với nhau bằng mối quan hệ độc đáo mà không ai có thể hiểu nổi. Không thể nói ở đây về một mối tình tay ba. *** Cho tới nay, dù trải qua bao nhiêu biến đổi của thời cuộc lịch sử, không thể phủ nhận văn học Nga, văn học Xô viết ngày luôn để lại dấu ấn sâu đậm trong tâm hồn của nhiều thế hệ người Việt. Bộ sách Tủ sách văn học Nga bước đầu giới thiệu với bạn đọc một số tác phẩm văn học tiêu biểu. Mỗi người một vẻ, những văn hào Nga: Sêkhôp, Gôgôn, L.Tônxtôi, Sôlôkhôp, Gorki... đã để lại những tác phẩm sáng giá. Hy vọng bộ sách sẽ tiếp tục phát huy những ảnh hưởng tốt đẹp của một trong những nền văn học lớn của nhân loại đối với thế hệ bạn đọc trẻ ở nước ta. ',15,41,19,_binary ''),(44,'Tầng Đầu Địa Ngục','2016-03-29','tang-dau-dia-nguc.jpg','Tên gốc: В круге первом Tên tiếng anh: The first circle Tác phẩm được viết vào những năm 1955-1964 bởi nhà văn, nhà viết kịch nổi tiếng người Nga Aleksandr Solzhenitsyn. Ông đã được trao giải Nobel văn học năm 1970. ',15,42,24,_binary ''),(45,'Tình Yêu Định Mệnh','2012-07-24','tinh-yeu-dinh-menh.jpg','Thế kỷ XVI, châu Âu chìm trong sự hỗn độn của ánh sáng vǎn minh và tối tǎm bảo thủ. Con người cũng vậy, họ vừa kiểu cách, vừa nổi loạn. Những câu chuyện về hoàng cung, tôn giáo, phân biệt đẳng cấp luôn được bàn cãi sôi nổi. Vốn nổi tiếng với những tiểu thuyết hiệp sĩ như: Đactanhǎng và ba chàng lính ngự lâm, Bá tước Môngtơcrixtô,... lần này, Alexandre Duymas lại đem đến cho độc giả những say mê mới trong tiểu thuyết Tình yêu định mệnh. Những nhân vật như Catơrin, Rôbớc Stuya không chỉ là hiện thân của tình yêu cao cả vượt lên số phận mà còn là hình ảnh tiêu biểu cho con người đầy khát khao vươn tới những lý tưởng cao đẹp trong cuộc đời. ',15,43,25,_binary '\0'),(46,'Hà Thần','2020-07-15','ha-than.jpg','Truyện ma đôi khi là những truyện bịa ra dọa người, đôi khi là những truyện bí ẩn có người từng trải, thực có, ảo có, chuyện làm người ta có cảm giác rùng mình, có chút thắc mắc không lời giải. Truyện ma đôi khi là những truyện bịa ra dọa người, đôi khi là những truyện bí ẩn có người từng trải, thực có, ảo có, chuyện làm người ta có cảm giác rùng mình, có chút thắc mắc không lời giải. Truyện ma đôi khi là những truyện bịa ra dọa người, đôi khi là những truyện bí ẩn có người từng trải, thực có, ảo có, chuyện làm người ta có cảm giác rùng mình, có chút thắc mắc không lời giải. ',16,44,22,_binary ''),(47,'Bóng Người Dưới Trăng','2013-07-04','bong-nguoi-duoi-trang.jpg','Vẫn như những câu chuyện trước, vẫn phong cách hành văn bình dị gần gũi nhưng cách bố cục và sắp sếp chi tiết khéo léo khiến câu chuyện mang màu sắc thần bí, hơi hướm kinh dị Vẫn như những câu chuyện trước, vẫn phong cách hành văn bình dị gần gũi nhưng cách bố cục và sắp sếp chi tiết khéo léo khiến câu chuyện mang màu sắc thần bí, hơi hướm kinh dị Vẫn như những câu chuyện trước, vẫn phong cách hành văn bình dị gần gũi nhưng cách bố cục và sắp sếp chi tiết khéo léo khiến câu chuyện mang màu sắc thần bí, hơi hướm kinh dị ',16,45,22,_binary '\0'),(48,'Mái Tóc Rùng Rợn','2016-05-10','mai-toc-rung-ron.jpg','Thể loại: truyện ngắn, kinh dị, tình cảm, tâm linh, ma quái Vì lòng tham mà bọn chúng đã cắt mái tóc của cô gái đã chết đem bán ngoài tiệm làm tóc giả. Từ đây nhiều điều ma quái đã xuất hiện trong ngôi nhà. Cô chị là một kẻ ăn chơi, vào một ngày nọ cô ta nhốt cô em gái của mình vào nhà, ngôi nhà bị cháy nhưng kì lạ thay người chết là người chị chứ không phải người em. Nhưng cô chị không hề biết bản thân mình đã chết cho đến khi cô em gặp được bố mẹ mình và khóc kêu rằng chị gái đã chết.... ',16,46,22,_binary ''),(49,'Vô Hạn Khủng Bố','2019-03-05','vo-han-khung-bo.jpg','Shakespeare từng nói: “To be or not to be, that\'s a question\" - Tồn tại hay không tồn tại ? Nếu như gặp câu hỏi: \"Muốn hiểu ý nghĩa của sinh mệnh ư? Muốn thật sự ... sống... không?\" Bạn sẽ làm như thế nào? Chọn Yes, và bạn sẽ thực sự hiểu ý nghĩa cuộc sống là như thế nào. Trịnh Xá, nhân vật chính của bộ truyện, đã lạc vào 1 thế giới mới, có tên gọi là không gian chủ thần bởi lí do này. Chủ thần, cứ 10 ngày lại đưa Trịnh Xá và mọi người vào 1 bộ phim kinh dị, và họ phải hi sinh rất nhiều, đôi khi là sinh mạng của cả những đồng bọn để tiếp tục sống, vượt qua bộ phim đó. Trong thế gian này, không tồn tại cái ác, không tồn tại cái thiện, chỉ có sự tồn tại mà thôi. Trưởng thành dần qua từng cuộc chiến, Trịnh Xá đã mạnh mẽ hơn. Câu nói: \"Chúng ta có thể để đôi tay vấy bẩn chứ không thể để tâm hồn vấy bẩn\" của hắn thật khiến chúng ta rung dộng. - Cùng đồng đội với hắn là đủ các loại người: 1 nhà văn, 1 quân nhân, 1 lính đánh thuê, 1 sát thủ, và Sở Hiên, 1 người tạo ra từ một nghiên cứu của khoa học. Mỗi cuộc đời là 1 bi kịch, mà phải theo dõi thật kỹ càng, ta mới nhận thấy sự bế tắc đến tột cùng của họ. Nhưng chủ thần đã giúp họ mạnh mẽ hơn, để cuối cùng có thể tìm ra ý nghĩa thực sự của cuộc sống này. - Trong thế giới đó, họ sẽ làm gì? Buông xuôi, hay vượt lên số phận, giải mã chủ thần, để tìm ra ý nghĩa thực sự của cuộc sống, để thực sự làm chủ mọi thứ, kể cả Trái Đất này... Cứ theo dõi, bạn sẽ chìm đắm vào câu truyện này, để rồi một ngày nào đó, bạn sẽ mơ về một ngày gặp dòng chữ: - Muốn hiểu ý nghĩa của sinh mệnh ư? Muốn thật sự ... sống... không? - Nhận xét: Truyện Vô hạn khủng bố miêu tả tâm lí khá hay, chiến đấu khốc liệt đến tột đỉnh. Khốc liệt, tàn bạo, nhưng cũng đầy cảm xúc, đầy tính nhân văn. Những tập có đoàn chiến thì cực kỳ hấp dẫn. Đấu trí quyết liệt, tập 11 là một điển hình, đến nỗi mà ta tưởng như rằng mưu kế chỉ có như vậy là cùng, kế, kế trong kế, liên hoàn kế... Nhân vật \"gần\" chính là Sở Hiên, một người không có cảm xúc, nhưng lại là người mà tôi yêu thích nhất, bởi hắn kiên cường, quả cảm, và thông minh đến mức mà có kẻ địch của hắn đã phải thốt lên: Trí tuệ thật khủng khiếp, loại sinh vật áp đảo này, giống như không có tình cảm, băng lãnh vô cùng, đầy cảm giác áp bức... Giống như là thần... Đấy là một con người, một Trí Giả Siêu Cường: Sở Hiên. ',17,47,22,_binary '\0'),(50,'Bất Tử - Evermore','2010-08-24','bat-tu-evermore.jpg','Thoát chết sau một tai nan khủng khiếp đã cướp mất mạng sống của các thành viên trong gia đình. Ever đột nhiên có khả năng thấy được \"hào quang\" của một người, nghe được suy nghĩ và biết được cuộc sống cá nhân của người mà cô chạm vào. Việc có thu mình vào trong không muốn liên hệ với mọi người chính là cái khả năng của mình. Nhưng cũng chính điều này làm Ever trở nên kỳ dị dưới mắt bạn bè trong trường trung học mới của cô. Thoát chết sau một tai nan khủng khiếp đã cướp mất mạng sống của các thành viên trong gia đình. Ever đột nhiên có khả năng thấy được \"hào quang\" của một người, nghe được suy nghĩ và biết được cuộc sống cá nhân của người mà cô chạm vào. Việc có thu mình vào trong không muốn liên hệ với mọi người chính là cái khả năng của mình. Nhưng cũng chính điều này làm Ever trở nên kỳ dị dưới mắt bạn bè trong trường trung học mới của cô. Thoát chết sau một tai nan khủng khiếp đã cướp mất mạng sống của các thành viên trong gia đình. Ever đột nhiên có khả năng thấy được \"hào quang\" của một người, nghe được suy nghĩ và biết được cuộc sống cá nhân của người mà cô chạm vào. Việc có thu mình vào trong không muốn liên hệ với mọi người chính là cái khả năng của mình. Nhưng cũng chính điều này làm Ever trở nên kỳ dị dưới mắt bạn bè trong trường trung học mới của cô. Thoát chết sau một tai nan khủng khiếp đã cướp mất mạng sống của các thành viên trong gia đình. Ever đột nhiên có khả năng thấy được \"hào quang\" của một người, nghe được suy nghĩ và biết được cuộc sống cá nhân của người mà cô chạm vào. Việc có thu mình vào trong không muốn liên hệ với mọi người chính là cái khả năng của mình. Nhưng cũng chính điều này làm Ever trở nên kỳ dị dưới mắt bạn bè trong trường trung học mới của cô. ',17,48,2,_binary '\0'),(51,'Cảm Ơn Em, Đã Can Đảm Yêu Anh','2013-05-06','cam-on-em-da-can-dam-yeu-anh.jpg','Tên gốc: 《谢谢你，敢与我相爱》- Cảm ơn em, dám cùng anh tương ái Chuyển ngữ:H.Cl Vì yêu anh, cô quyết định sẽ mặc kệ anh ra sao, cứ quyết tâm phải gả bằng được cho anh, rồi sau đó sẽ dùng hấp dẫn hạ gục anh, từ từ khiến anh cũng yêu thương cô Cho dù anh có là người thế nào, anh có thể nhẫn nhịn, chịu đựng cô đơn, chịu đau đớn, hay chịu người khác chế nhạo coi thương vì bị tàn tật, ngay từ khi mới đầu gặp gỡ, cô đã nhận định anh chính là người định mệnh của cô Nhưng thật sự có chuyện rất đả kích cô Mặc dù anh vui buồn thất thường, luôn luôn độc lai độc vãng nhưng cô biết anh mỗi tháng vào ngày 15 sẽ gặp một người bạn Nhưng điều cô không ngờ, người bạn đó lại chính là... ',17,49,22,_binary '\0'),(52,'Cái Chết Của Hitler','2019-10-23','cai-chet-cua-hitler.jpg','Nguyên bản : The Death of Hitler\'s Germany Tác giả: Georges Blond Người dịch : Người Sông Kiên và Lê Thị Duyên Nhà xuất bản: Sông Kiên Nguyên bản : The Death of Hitler\'s Germany Tác giả: Georges Blond Người dịch : Người Sông Kiên và Lê Thị Duyên Nhà xuất bản: Sông Kiên Nguyên bản : The Death of Hitler\'s Germany Tác giả: Georges Blond Người dịch : Người Sông Kiên và Lê Thị Duyên Nhà xuất bản: Sông Kiên Nguyên bản : The Death of Hitler\'s Germany Tác giả: Georges Blond Người dịch : Người Sông Kiên và Lê Thị Duyên Nhà xuất bản: Sông Kiên Nguyên bản : The Death of Hitler\'s Germany Tác giả: Georges Blond Người dịch : Người Sông Kiên và Lê Thị Duyên Nhà xuất bản: Sông Kiên Nguyên bản : The Death of Hitler\'s Germany Tác giả: Georges Blond Người dịch : Người Sông Kiên và Lê Thị Duyên Nhà xuất bản: Sông Kiên ',18,50,26,_binary '\0'),(53,'Những Ngày Thơ Ấu','2016-04-30','nhung-ngay-tho-au.jpg','Người ta hay giấu giếm và che đậy sự thật, nhất là sự đáng buồn trong gia đình. Có lợi ích gì không? Người ta hay giấu giếm và che đậy sự thật, nhất là sự đáng buồn trong gia đình. Có lợi ích gì không? Người ta hay giấu giếm và che đậy sự thật, nhất là sự đáng buồn trong gia đình. Có lợi ích gì không? ',18,51,27,_binary ''),(54,'Con Trai Kẻ Khủng Bố','2017-06-12','con-trai-ke-khung-bo.jpg','Sẽ thế nào nếu bạn lớn lên cùng một gã khủng bố trong nhà? Sẽ thế nào nếu bạn lớn lên cùng một gã khủng bố trong nhà? Sẽ thế nào nếu bạn lớn lên cùng một gã khủng bố trong nhà? Sẽ thế nào nếu bạn lớn lên cùng một gã khủng bố trong nhà? Sẽ thế nào nếu bạn lớn lên cùng một gã khủng bố trong nhà? Sẽ thế nào nếu bạn lớn lên cùng một gã khủng bố trong nhà? Sẽ thế nào nếu bạn lớn lên cùng một gã khủng bố trong nhà? ',18,52,1,_binary ''),(55,'Nguồn Cội','2018-02-17','nguon-coi.jpg','Trong cuộc hành trình mới nhất của Nguồn cội, ta sẽ được theo chân giáo sư Langdon đến Tây Ban Nha, một đất nước không chỉ có những đội bóng giàu thành tích như Barcelona hay Real Madrid mà còn chứa đựng cả một nền văn hóa và lịch sử có mối liên hệ mạnh mẽ với Công giáo La Mã. Một quốc gia với 46 di sản thế giới, xếp hàng thứ 3 sau Italy và Trung Quốc, trong đó nhiều di sản được xuất hiện làm bối cảnh cho cuốn sách này. Edmond Kirch là một người theo thuyết vị lai, một thiên tài máy tính, một tỷ phú nổi tiếng khắp thế giới không chỉ bởi khả năng trong lĩnh vực công nghệ thông tin, dự đoán tương lai mà còn nhờ những phát ngôn và diễn thuyết mang tính bài tôn giáo. Kirch là một trong những lứa sinh viên đầu tiên của Langdon cách đây 20 năm. Anh mời thầy giáo của mình đến bảo tàng Guggenheim Bilbao để chứng kiến cậu học trò cũ công bố một phát hiện được mô tả là “sẽ thay đổi bộ mặt khoa học mãi mãi, sẽ đập tan mọi nền tảng tôn giáo\". Buổi thuyết trình sẽ sáng tỏ hai câu hỏi về bản chất của loài người: “Chúng ta đến từ đâu” và “chúng ta đi về đâu”. Sự kiện diễn ra giữa hàng trăm quan khách bỗng trở nên hỗn loạn. Edmond bị bắn ngay trong lúc đang diễn thuyết. Kẻ đứng đằng sau vụ ám sát tự xưng “Nhiếp Chính vương”, một nhân vật bí ẩn đầy quyền lực dường như nằm trong chính Hoàng gia Tây Ban Nha. Vì muốn bảo vệ thành tựu của cậu học trò cũ, Langdon hợp tác cùng Ambra Vidal, giám đốc bảo tàng Guggenheim và cũng là hoàng hậu tương lai của Tây Ban Nha. Cả hai được sự giúp đỡ của Winston - một trí tuệ nhân tạo (AI) do Edmond lập trình - để chạy trốn khỏi Bilbao. Họ lao vào cuộc hành trình tìm ra mật khẩu gồm 47 ký tự của Edmond để truy cập vào siêu máy tính của anh, qua đó kích hoạt lại video bài diễn thuyết về khám phá vĩ đại của anh cho toàn thế giới biết. Nội dung cuốn sách xoay quanh việc trả lời hai câu hỏi về bản chất của con người, những tưởng phát hiện của Edmond sẽ phải chấn động lắm, tầm cỡ như việc chứng minh Trái Đất hình cầu hay Mặt Trời là trung tâm. Thế nhưng câu trả lời được Edmond đưa ra dường như không đạt kỳ vọng của độc giả. Về câu hỏi “Chúng ta đến từ đâu”, thì đáp án của câu hỏi này thực ra không hề mới. Đây là một giả thuyết đã xuất hiện từ hơn 50 năm qua, những ai quan tâm đến các vấn đề khoa học đều ít nhiều nghe đến tên của thí nghiệm này. Còn đáp án cho câu hỏi thứ hai \"Chúng ta sẽ đi về đâu” lại khá đơn giản, chưa đủ sức thuyết phục. Đọc sách của Dan Brown bạn sẽ vô cùng choáng ngợp trước vô vàn kiến thức về văn hóa, lịch sử, tôn giáo, nghệ thuật… Nguồn cội như một trang Wikipedia về đặc trưng văn hóa Tây Ban Nha. Đầu mỗi cuốn sách, tác giả luôn khẳng định một câu đại ý \"mọi kiến thức trong sách đều là thật\". Nhưng khi đọc, người ta có cảm giác không tin tưởng lắm về các kiến thức khoa học, công nghệ trong sách này. Thế nên một vài độc giả nói vui: “Đọc Dan Brown tin thôi đừng tin quá vì không biết bao nhiêu phần trăm những gì ông nói là sự thật\". Chẳng phải CERN đã viết cả một cuốn sách để vạch ra những sai sót về “phản vật chất” trong cuốn Thiên thần và ác quỷ đó sao. Có thể so với các cuốn khác cùng series, Nguồn cội không được đánh giá cao ở tính hành động, tính trinh thám. Tuy nhiên cách kể chuyện và vấn đề đặt ra trong truyện lại gây được ấn tượng mạnh. Sự phát triển của công nghệ thông tin, của smart phone, trí tuệ nhân tạo có tác động thế nào đến con người là một chủ đề khá hứng thú và tốn bao bút mực báo chí. Có thể, khi đọc cuốn này, độc giả của Dan Brown sẽ kêu ca rằng ông đã xuống tay, không còn ở trên đỉnh cao phong độ. Việc lên - xuống, trồi - sụt, hoặc là phong độ đi ngang vốn là lẽ thường. Với mỗi nhà văn, chỉ cần có một đến 2 tác phẩm để đời đã là rất thành công rồi. Trong cuộc hành trình mới nhất của Nguồn cội, ta sẽ được theo chân giáo sư Langdon đến Tây Ban Nha, một đất nước không chỉ có những đội bóng giàu thành tích như Barcelona hay Real Madrid mà còn chứa đựng cả một nền văn hóa và lịch sử có mối liên hệ mạnh mẽ với Công giáo La Mã. Một quốc gia với 46 di sản thế giới, xếp hàng thứ 3 sau Italy và Trung Quốc, trong đó nhiều di sản được xuất hiện làm bối cảnh cho cuốn sách này. Edmond Kirch là một người theo thuyết vị lai, một thiên tài máy tính, một tỷ phú nổi tiếng khắp thế giới không chỉ bởi khả năng trong lĩnh vực công nghệ thông tin, dự đoán tương lai mà còn nhờ những phát ngôn và diễn thuyết mang tính bài tôn giáo. Kirch là một trong những lứa sinh viên đầu tiên của Langdon cách đây 20 năm. Anh mời thầy giáo của mình đến bảo tàng Guggenheim Bilbao để chứng kiến cậu học trò cũ công bố một phát hiện được mô tả là “sẽ thay đổi bộ mặt khoa học mãi mãi, sẽ đập tan mọi nền tảng tôn giáo\". Buổi thuyết trình sẽ sáng tỏ hai câu hỏi về bản chất của loài người: “Chúng ta đến từ đâu” và “chúng ta đi về đâu”. Sự kiện diễn ra giữa hàng trăm quan khách bỗng trở nên hỗn loạn. Edmond bị bắn ngay trong lúc đang diễn thuyết. Kẻ đứng đằng sau vụ ám sát tự xưng “Nhiếp Chính vương”, một nhân vật bí ẩn đầy quyền lực dường như nằm trong chính Hoàng gia Tây Ban Nha. Vì muốn bảo vệ thành tựu của cậu học trò cũ, Langdon hợp tác cùng Ambra Vidal, giám đốc bảo tàng Guggenheim và cũng là hoàng hậu tương lai của Tây Ban Nha. Cả hai được sự giúp đỡ của Winston - một trí tuệ nhân tạo (AI) do Edmond lập trình - để chạy trốn khỏi Bilbao. Họ lao vào cuộc hành trình tìm ra mật khẩu gồm 47 ký tự của Edmond để truy cập vào siêu máy tính của anh, qua đó kích hoạt lại video bài diễn thuyết về khám phá vĩ đại của anh cho toàn thế giới biết. Nội dung cuốn sách xoay quanh việc trả lời hai câu hỏi về bản chất của con người, những tưởng phát hiện của Edmond sẽ phải chấn động lắm, tầm cỡ như việc chứng minh Trái Đất hình cầu hay Mặt Trời là trung tâm. Thế nhưng câu trả lời được Edmond đưa ra dường như không đạt kỳ vọng của độc giả. Về câu hỏi “Chúng ta đến từ đâu”, thì đáp án của câu hỏi này thực ra không hề mới. Đây là một giả thuyết đã xuất hiện từ hơn 50 năm qua, những ai quan tâm đến các vấn đề khoa học đều ít nhiều nghe đến tên của thí nghiệm này. Còn đáp án cho câu hỏi thứ hai \"Chúng ta sẽ đi về đâu” lại khá đơn giản, chưa đủ sức thuyết phục. Đọc sách của Dan Brown bạn sẽ vô cùng choáng ngợp trước vô vàn kiến thức về văn hóa, lịch sử, tôn giáo, nghệ thuật… Nguồn cội như một trang Wikipedia về đặc trưng văn hóa Tây Ban Nha. Đầu mỗi cuốn sách, tác giả luôn khẳng định một câu đại ý \"mọi kiến thức trong sách đều là thật\". Nhưng khi đọc, người ta có cảm giác không tin tưởng lắm về các kiến thức khoa học, công nghệ trong sách này. Thế nên một vài độc giả nói vui: “Đọc Dan Brown tin thôi đừng tin quá vì không biết bao nhiêu phần trăm những gì ông nói là sự thật\". Chẳng phải CERN đã viết cả một cuốn sách để vạch ra những sai sót về “phản vật chất” trong cuốn Thiên thần và ác quỷ đó sao. Có thể so với các cuốn khác cùng series, Nguồn cội không được đánh giá cao ở tính hành động, tính trinh thám. Tuy nhiên cách kể chuyện và vấn đề đặt ra trong truyện lại gây được ấn tượng mạnh. Sự phát triển của công nghệ thông tin, của smart phone, trí tuệ nhân tạo có tác động thế nào đến con người là một chủ đề khá hứng thú và tốn bao bút mực báo chí. Có thể, khi đọc cuốn này, độc giả của Dan Brown sẽ kêu ca rằng ông đã xuống tay, không còn ở trên đỉnh cao phong độ. Việc lên - xuống, trồi - sụt, hoặc là phong độ đi ngang vốn là lẽ thường. Với mỗi nhà văn, chỉ cần có một đến 2 tác phẩm để đời đã là rất thành công rồi. ',19,53,1,_binary ''),(56,'Người Cá','2014-08-24','nguoi-ca.jpg','Dân làng ven vịnh Plata xôn xao về chuyện con quỷ biển xuất hiện, ai nấy đều sợ đến mức không dám ra khơi. Tin đồn lan tới tận thủ đô Buenos Aires, thu hút giới báo chí chuyên săn lùng những tin giật gân thỏa mãn độc giả hiếu kì. Nhưng vẫn không ai biết thực hư như thế nào. Mọi chuyện có thể sẽ chỉ còn được nghe như là tin đồn nếu một chủ thuyền ngọc trai đang làm ăn trên vịnh là Zurita không cố công tìm kiếm dấu tích của con quỷ để bắt nó mò ngọc trai cho lão. Theo sự lần dấu của Zurita người đọc cũng dần dần khám phá thực sự quỷ biển là ai. Mọi chuyện bắt đầu xấu đi khi chàng “quỷ biển” lần đầu biết yêu! Dân làng ven vịnh Plata xôn xao về chuyện con quỷ biển xuất hiện, ai nấy đều sợ đến mức không dám ra khơi. Tin đồn lan tới tận thủ đô Buenos Aires, thu hút giới báo chí chuyên săn lùng những tin giật gân thỏa mãn độc giả hiếu kì. Nhưng vẫn không ai biết thực hư như thế nào. Mọi chuyện có thể sẽ chỉ còn được nghe như là tin đồn nếu một chủ thuyền ngọc trai đang làm ăn trên vịnh là Zurita không cố công tìm kiếm dấu tích của con quỷ để bắt nó mò ngọc trai cho lão. Theo sự lần dấu của Zurita người đọc cũng dần dần khám phá thực sự quỷ biển là ai. Mọi chuyện bắt đầu xấu đi khi chàng “quỷ biển” lần đầu biết yêu! ',19,54,19,_binary '\0'),(57,'Hai Vạn Dặm Dưới Đáy Biển','2015-08-16','hai-van-dam-duoi-day-bien.jpg','Truyện viễn tưởng hay giả tưởng đã có khá nhiều nhà văn trên thế giới thể hiện trong tác phẩm của mình. Cũng là trí tưởng tượng, nhưng khác với truyện cổ tích hay thần thoại, tiểu thuyết giả tưởng thường mang đậm chất hiện thực, sống động. Truyện viễn tưởng hay giả tưởng đã có khá nhiều nhà văn trên thế giới thể hiện trong tác phẩm của mình. Cũng là trí tưởng tượng, nhưng khác với truyện cổ tích hay thần thoại, tiểu thuyết giả tưởng thường mang đậm chất hiện thực, sống động. Truyện viễn tưởng hay giả tưởng đã có khá nhiều nhà văn trên thế giới thể hiện trong tác phẩm của mình. Cũng là trí tưởng tượng, nhưng khác với truyện cổ tích hay thần thoại, tiểu thuyết giả tưởng thường mang đậm chất hiện thực, sống động. Truyện viễn tưởng hay giả tưởng đã có khá nhiều nhà văn trên thế giới thể hiện trong tác phẩm của mình. Cũng là trí tưởng tượng, nhưng khác với truyện cổ tích hay thần thoại, tiểu thuyết giả tưởng thường mang đậm chất hiện thực, sống động. ',19,55,19,_binary '\0'),(58,'Tôi Không Phải Là Công Chúa','2014-12-16','toi-khong-phai-la-cong-chua.jpg','Truyện Tôi Không Phải Là Công Chúa là câu chuyện thú vị về tình yêu tuổi teen nói riêng và phản ánh đời sống tâm lý, xã hội của lứa tuổi này nói chung, xoay quanh câu chuyện về Lam và những người bạn học của mình. Truyện Tôi Không Phải Là Công Chúa là câu chuyện thú vị về tình yêu tuổi teen nói riêng và phản ánh đời sống tâm lý, xã hội của lứa tuổi này nói chung, xoay quanh câu chuyện về Lam và những người bạn học của mình. Truyện Tôi Không Phải Là Công Chúa là câu chuyện thú vị về tình yêu tuổi teen nói riêng và phản ánh đời sống tâm lý, xã hội của lứa tuổi này nói chung, xoay quanh câu chuyện về Lam và những người bạn học của mình. Truyện Tôi Không Phải Là Công Chúa là câu chuyện thú vị về tình yêu tuổi teen nói riêng và phản ánh đời sống tâm lý, xã hội của lứa tuổi này nói chung, xoay quanh câu chuyện về Lam và những người bạn học của mình. ',20,56,19,_binary '\0'),(59,'Này, Chớ Làm Loạn','2013-09-02','nay-cho-lam-loan.jpg','Thể loại: Ngôn tình teen, hiện đại, hài hước Còn gì éo le hơn việc \"thẳng\" nữ lại bị hiểu nhầm thành người đồng tính, bị công ty sa thải, lại còn đụng phải một tên \"vô lại\". Vừa thất nghiệp, đường tình trắc trở vì vội vàng tìm bạn trai để chứng minh mình trong sạch, cuộc sống của cô dường như trở nên bế tắc. Nhưng rồi một ngày cô nhận thấy dường như tên \"vô lại\" đó lúc nào cũng xuất hiện trong thế giới của cô, cô cảm giác như mình có cảm tình với anh ta mất rồi. *** Lời tự bạch của Minh Nguyệt Thính Phong: Đã đến đây, mời bạn uống trà cắn hạt dưa rồi nhấn chuột, tác giả viết tiểu thuyết online này cần sự ủng hộ của bạn! Thính Phong là một người thích kể chuyện. Luôn đề cao nguyên tắc ba không ba có: Không độc ác, không yêu nhiều người, không bi kịch! Có tình cảm, có đam mê, có kịch tính! Thích nói chuyện, uống trà, ăn hoa quả, hạt dưa và tất cả các loại hoa quả khô, đam mê các bộ phim và làm đồ thủ công! Này, chớ làm loạn! ',20,57,19,_binary ''),(60,'Công Chúa Nhỏ (A Little Princess)','2018-09-26','cong-chua-nho-a-little-princess.jpg','Sau khi người cha bị phá sản và qua đời, cô bé Sara Crewe từ chỗ được yêu chiều hết mực ở trường nội trú của cô Minchin, bỗng trở thành đứa trẻ mồ côi phải sống trên gác mái, bị đối xử tàn tệ, ăn chẳng đủ no. Nhưng sự tàn nhẫn của cô Minchin không hề làm Sara thay đổi, cô bé luôn là nàng công chúa nhỏ thông minh và nhân hậu, kiên nghị trong khó khăn. Nhờ tình bạn của Becky, Ermengarde và cả chú chuột Melchisedec, Sara vẫn giữ được niềm tin vào những điều tốt đẹp, và rồi một ngày, phép màu thật sự đã xảy ra với tất cả. Sau khi người cha bị phá sản và qua đời, cô bé Sara Crewe từ chỗ được yêu chiều hết mực ở trường nội trú của cô Minchin, bỗng trở thành đứa trẻ mồ côi phải sống trên gác mái, bị đối xử tàn tệ, ăn chẳng đủ no. Nhưng sự tàn nhẫn của cô Minchin không hề làm Sara thay đổi, cô bé luôn là nàng công chúa nhỏ thông minh và nhân hậu, kiên nghị trong khó khăn. Nhờ tình bạn của Becky, Ermengarde và cả chú chuột Melchisedec, Sara vẫn giữ được niềm tin vào những điều tốt đẹp, và rồi một ngày, phép màu thật sự đã xảy ra với tất cả. Sau khi người cha bị phá sản và qua đời, cô bé Sara Crewe từ chỗ được yêu chiều hết mực ở trường nội trú của cô Minchin, bỗng trở thành đứa trẻ mồ côi phải sống trên gác mái, bị đối xử tàn tệ, ăn chẳng đủ no. Nhưng sự tàn nhẫn của cô Minchin không hề làm Sara thay đổi, cô bé luôn là nàng công chúa nhỏ thông minh và nhân hậu, kiên nghị trong khó khăn. Nhờ tình bạn của Becky, Ermengarde và cả chú chuột Melchisedec, Sara vẫn giữ được niềm tin vào những điều tốt đẹp, và rồi một ngày, phép màu thật sự đã xảy ra với tất cả. ',20,58,20,_binary ''),(61,'Thần Thoại Hy Lạp','2012-04-16','Than-Thoai-Hy-Lap.jpg','\"Thần thoại Hy Lạp\" bao gồm các truyền thuyết về các vị thần và các vị anh hùng của người Hy Lạp. Bộ sách này hình thành trong một quãng thời gian lịch sử khá dài. Đó là một quá trình lịch sử từ thời kỳ nền văn minh Mycènes (2000 - 1100 TCN) đến những buổi biển diễn, đọc, kể anh hùng ca của Homère trong những ngày hội rồi đến hội diễn bi kịch trong ngày hội Dionysos. \"Thần thoại Hy Lạp\" bao gồm các truyền thuyết về các vị thần và các vị anh hùng của người Hy Lạp. Bộ sách này hình thành trong một quãng thời gian lịch sử khá dài. Đó là một quá trình lịch sử từ thời kỳ nền văn minh Mycènes (2000 - 1100 TCN) đến những buổi biển diễn, đọc, kể anh hùng ca của Homère trong những ngày hội rồi đến hội diễn bi kịch trong ngày hội Dionysos. \"Thần thoại Hy Lạp\" bao gồm các truyền thuyết về các vị thần và các vị anh hùng của người Hy Lạp. Bộ sách này hình thành trong một quãng thời gian lịch sử khá dài. Đó là một quá trình lịch sử từ thời kỳ nền văn minh Mycènes (2000 - 1100 TCN) đến những buổi biển diễn, đọc, kể anh hùng ca của Homère trong những ngày hội rồi đến hội diễn bi kịch trong ngày hội Dionysos. \"Thần thoại Hy Lạp\" bao gồm các truyền thuyết về các vị thần và các vị anh hùng của người Hy Lạp. Bộ sách này hình thành trong một quãng thời gian lịch sử khá dài. Đó là một quá trình lịch sử từ thời kỳ nền văn minh Mycènes (2000 - 1100 TCN) đến những buổi biển diễn, đọc, kể anh hùng ca của Homère trong những ngày hội rồi đến hội diễn bi kịch trong ngày hội Dionysos. ',21,59,19,_binary ''),(62,'Truyện cổ Andersen','2016-03-18','Truyen-co-Andersen.jpg','Nhà văn Hans Christian Andersen (1805 - 1875) có lẽ là một hiện tượng văn học hiếm có trên thế giới.. Andersen viết du ký, kịch, tiểu thuyết, làm thơ, nhưng nổi nhất là truyện. Truyện của ông dựa vào truyện dân gian, truyền thuyết, lịch sử, đời sống hàng ngày và cả cuộc đời riêng của tác giả. ',21,60,19,_binary '\0'),(63,'Buratino Và Chiếc Chìa Khoá Vàng','2013-08-31','buratino-va-chiec-chia-khoa-vang.jpg','Bác thợ mộc Giudéppơ tình cờ nhặt được một thanh củi biết nói, bác liền tặng thanh củi đó cho ông bạn già Cáclô. Bác Cáclô đem món quà kỳ lạ về nhà và gọt thành một con búp bê gỗ đặt tên là Buratinô. Một con búp bê trông giống hệt một cậu bé với cái mũi thật dài. Buratinô trong sáng, thông minh nhưng rất hiếu động và nghịch ngợm. Cũng chính vì tính hiếu động đó mà cậu bé đã gây nên cho mình không ít rắc rối. Trong một lần trốn học đi chơi, Buratino bị Mèo Madilio và Cáo Alixa lừa lấy mất tiền và bị bọn cướp tấn công. Lạc mất gia đình, cậu bé người gỗ bắt đầu bước vào những chuyến phiêu lưu đầy kỳ thú, bất ngờ nhưng cũng không ít nguy hiểm và sóng gió. Đặc biệt là cuộc hành trình khám bí mật về chiếc chìa khóa vàng mà Buratino được chú rùa Toóctila tặng cho… Bác thợ mộc Giudéppơ tình cờ nhặt được một thanh củi biết nói, bác liền tặng thanh củi đó cho ông bạn già Cáclô. Bác Cáclô đem món quà kỳ lạ về nhà và gọt thành một con búp bê gỗ đặt tên là Buratinô. Một con búp bê trông giống hệt một cậu bé với cái mũi thật dài. Buratinô trong sáng, thông minh nhưng rất hiếu động và nghịch ngợm. Cũng chính vì tính hiếu động đó mà cậu bé đã gây nên cho mình không ít rắc rối. Trong một lần trốn học đi chơi, Buratino bị Mèo Madilio và Cáo Alixa lừa lấy mất tiền và bị bọn cướp tấn công. Lạc mất gia đình, cậu bé người gỗ bắt đầu bước vào những chuyến phiêu lưu đầy kỳ thú, bất ngờ nhưng cũng không ít nguy hiểm và sóng gió. Đặc biệt là cuộc hành trình khám bí mật về chiếc chìa khóa vàng mà Buratino được chú rùa Toóctila tặng cho… Bác thợ mộc Giudéppơ tình cờ nhặt được một thanh củi biết nói, bác liền tặng thanh củi đó cho ông bạn già Cáclô. Bác Cáclô đem món quà kỳ lạ về nhà và gọt thành một con búp bê gỗ đặt tên là Buratinô. Một con búp bê trông giống hệt một cậu bé với cái mũi thật dài. Buratinô trong sáng, thông minh nhưng rất hiếu động và nghịch ngợm. Cũng chính vì tính hiếu động đó mà cậu bé đã gây nên cho mình không ít rắc rối. Trong một lần trốn học đi chơi, Buratino bị Mèo Madilio và Cáo Alixa lừa lấy mất tiền và bị bọn cướp tấn công. Lạc mất gia đình, cậu bé người gỗ bắt đầu bước vào những chuyến phiêu lưu đầy kỳ thú, bất ngờ nhưng cũng không ít nguy hiểm và sóng gió. Đặc biệt là cuộc hành trình khám bí mật về chiếc chìa khóa vàng mà Buratino được chú rùa Toóctila tặng cho… ',21,61,11,_binary ''),(64,'Cách Ta Nghĩ','2019-10-14','cach-ta-nghi.jpg','1. Về tác giả: 1. Về tác giả: 1. Về tác giả: 1. Về tác giả: 1. Về tác giả: ',22,62,28,_binary '\0'),(65,'Siêu Lý Tình Yêu','2011-02-25','sieu-ly-tinh-yeu.jpg','Soloviev chỉ ra 5 loại quan hệ nam nữ với loại quan hệ nam nữ có tình yêu gắn với lý tưởng hóa đối tượng yêu, làm chúng ta khi yêu mang bản nguyên thần thánh. Tình yêu nam - nữ tuyệt đích sẽ bất tử hóa tất cả bởi tình yêu chuyên trở sự sống vĩnh cửu cho cái mình yêu, tái sinh vĩnh viễn trong cái đẹp. Soloviev chỉ ra 5 loại quan hệ nam nữ với loại quan hệ nam nữ có tình yêu gắn với lý tưởng hóa đối tượng yêu, làm chúng ta khi yêu mang bản nguyên thần thánh. Tình yêu nam - nữ tuyệt đích sẽ bất tử hóa tất cả bởi tình yêu chuyên trở sự sống vĩnh cửu cho cái mình yêu, tái sinh vĩnh viễn trong cái đẹp. Soloviev chỉ ra 5 loại quan hệ nam nữ với loại quan hệ nam nữ có tình yêu gắn với lý tưởng hóa đối tượng yêu, làm chúng ta khi yêu mang bản nguyên thần thánh. Tình yêu nam - nữ tuyệt đích sẽ bất tử hóa tất cả bởi tình yêu chuyên trở sự sống vĩnh cửu cho cái mình yêu, tái sinh vĩnh viễn trong cái đẹp. ',22,63,28,_binary ''),(66,'Luận Lý Học','1965-06-24','luan-ly-hoc.jpg','Logic hình thức còn được biết đến trong toán học như là logic ký hiệu là ngành khoa học nằm trong miền giao thoa giữa toán học và triết học tự nhiên. Logic hình thức sử dụng ký hiệu hình thức và các phép toán đại số cùng với các nguyên tắc nhất định về giá trị chân lý để nhằm xác định tính đúng đắn của các lập luận. ',22,64,29,_binary '\0'),(67,'Hồ Nữ','2019-01-27','ho-nu.jpg','Thể loại: tu tiên, xuyên sách, ngọt sủng văn, song xử, 1V1 Editor: Goodnight + Jul_hh_8899 + momo1314 Số chương: 156 chương Nhân vật chính: Hồ Nữ Tuyết Hoa Phối hợp diễn: tiên quân Lăng Vân, Lệ Quân Hoa Nữ chính hơn người ở điểm nào? Như vậy thì nam thần sao có thể để ngươi nhúng chàm? Biện pháp bảo vệ duy nhất chính là chiếm lấy nam thần làm của riêng. Tiên quân sờ lỗ tai của tiểu hồ ly hỏi: \"Tuyết Hoa, ngươi thích hồ ly đực như thế nào?\" Tiểu hồ ly nhìn đàm hồ ly tinh đực trước mặt nhưng đầu lại suy tính làm thế nào để đẩy ngãy tiên quân đây? Biên tập đánh giá: Tiểu hồ ly tinh mơ ước tiên quân không nhiễm chút bụi trần, thanh nhã trong sáng như vầng trăng, ỷ vào diện mạo khả ái và tính tình dễ thương hay làm nũng đã gây ra những câu chuyện hài hước. Tiên quân sống ngàn năm sớm đã phai nhạt thất tình lục dục, liền đem tiểu hồ ly tinh làm sủng vật, cưng chiều như cưng congái ruột của mình, lại bị tiểu hồ ly tinh âm thầm tính kế, trong lúc vô tình đã rơi vào lưới tình. ',23,65,22,_binary '\0'),(68,'Văn Thuyết','2019-12-24','van-thuyet.jpg','Thể loại: Cổ đại, tiên hiệp, ngôn tình. Edit: Yunchan Các cô nương đều tương tư đại sư huynh Mộ Sơ Lương của phái Không Thiền. Vừa tuổi trẻ tài cao, lại còn ôn nhu, nhã nhặn. Thế mà không hiểu sao Vân Khâm cứ cảm giác vị đại sư huynh này chẳng giống như trong lời đồn chút nào, không lẽ đây là đại sư huynh giả?! =__= ',23,66,22,_binary ''),(69,'Dược Thần','2018-02-02','duoc-than.jpg','Hắn được người đời công nhận là cường giả mạnh nhất đại lục. Là Linh Dược Thần Sư duy nhất của đại lục Tư Đặc Ân. - Kiệt Sâm! Một thiên tài xuất sắc của đại lục Tư Đặc Ân đã gặp phải một việc ngoài ý muốn trong một lần ra luyện dược. Hắn tiến vào thời không loạn lưu, trở về thời đại Linh Dược man hoang ba ngàn năm trước. - Thời đại lúc bấy giờ, Linh Dược Sư còn chưa có phát triển mạnh mẽ, so với Linh Dược Sư ở thời đại mà Kiệt Sâm đang sống thì thua kém nhiều lắm. Sau khi trọng sinh trở về thời kỳ cổ đại, Kiệt Sâm lợi dụng lực lượng của bản thân, hắn vươn lên trở thành cường giả mạnh nhất của đại lục, đột phá gông cùm xiềng xích kiếp trước của mình! ',23,67,22,_binary ''),(70,'Tây Du Ký','2015-03-23','tay-du-ky.jpg','Tây Du Ký là bộ tiểu thuyết thần thoại thành công nhất trong lịch sử cổ đại Trung Quốc. Tiểu thuyết lấy câu chuyện Đường Tăng (Sư cụ Huyền Trang) - sư cụ Phật học nổi tiếng Trung Quốc thế kỷ 7 công nguyên sang Ấn Độ thỉnh kinh làm cốt truyện, hư cấu sư cụ Đường Tăng và ba học trò gặp phải các loại gian nan trắc trở trên con đường đi thỉnh kinh, xây dựng thành công nhân vật Tôn Ngộ Không - một hình tượng con khỉ thần không sợ bất cứ quyền uy gì, đấu tranh không ngừng với các thế lực xấu, bày tỏ nguyện vọng của tác giả đối với cuộc sống hiện thực. Tây Du Ký là bộ tiểu thuyết thần thoại thành công nhất trong lịch sử cổ đại Trung Quốc. Tiểu thuyết lấy câu chuyện Đường Tăng (Sư cụ Huyền Trang) - sư cụ Phật học nổi tiếng Trung Quốc thế kỷ 7 công nguyên sang Ấn Độ thỉnh kinh làm cốt truyện, hư cấu sư cụ Đường Tăng và ba học trò gặp phải các loại gian nan trắc trở trên con đường đi thỉnh kinh, xây dựng thành công nhân vật Tôn Ngộ Không - một hình tượng con khỉ thần không sợ bất cứ quyền uy gì, đấu tranh không ngừng với các thế lực xấu, bày tỏ nguyện vọng của tác giả đối với cuộc sống hiện thực. Tây Du Ký là bộ tiểu thuyết thần thoại thành công nhất trong lịch sử cổ đại Trung Quốc. Tiểu thuyết lấy câu chuyện Đường Tăng (Sư cụ Huyền Trang) - sư cụ Phật học nổi tiếng Trung Quốc thế kỷ 7 công nguyên sang Ấn Độ thỉnh kinh làm cốt truyện, hư cấu sư cụ Đường Tăng và ba học trò gặp phải các loại gian nan trắc trở trên con đường đi thỉnh kinh, xây dựng thành công nhân vật Tôn Ngộ Không - một hình tượng con khỉ thần không sợ bất cứ quyền uy gì, đấu tranh không ngừng với các thế lực xấu, bày tỏ nguyện vọng của tác giả đối với cuộc sống hiện thực. ',24,68,19,_binary '\0'),(71,'Tùy Đường Diễn Nghĩa','2016-09-12','tuy-duong-dien-nghia.jpg','Nền văn hiến Trung Hoa có lịch sử phát triển lâu đời, sở hữu một kho tàng văn học cổ điển đồ sộ, phong phú có sự giao thoa và ảnh hưởng mật thiết đối với nền văn học truyền thống Việt Nam. Khá nhiều tác phẩm nổi tiếng của văn học Trung Hoa từ rất lâu đã rất quen thuộc với người đọc Việt. Nền văn hiến Trung Hoa có lịch sử phát triển lâu đời, sở hữu một kho tàng văn học cổ điển đồ sộ, phong phú có sự giao thoa và ảnh hưởng mật thiết đối với nền văn học truyền thống Việt Nam. Khá nhiều tác phẩm nổi tiếng của văn học Trung Hoa từ rất lâu đã rất quen thuộc với người đọc Việt. Nền văn hiến Trung Hoa có lịch sử phát triển lâu đời, sở hữu một kho tàng văn học cổ điển đồ sộ, phong phú có sự giao thoa và ảnh hưởng mật thiết đối với nền văn học truyền thống Việt Nam. Khá nhiều tác phẩm nổi tiếng của văn học Trung Hoa từ rất lâu đã rất quen thuộc với người đọc Việt. ',24,69,12,_binary ''),(72,'Sống','2005-06-04','Song.jpg','Tiểu thuyết Phải Sống là một thành công lớn của Dư Hoa - Nhà văn Trung Quốc, nó được xếp vào một trong khoảng hai chục cuốn nổi bật nhất của văn học đương đại Trung Quốc (từ năm 1949 đến gần đây). Ngòi bút của tác giả có phong cách riêng, đó là luôn phản ánh hiện thực một cách \"lạnh lùng\" và hết sức kiệm lời; là luôn tỏ ra khô khan dửng dưng không để lộ tình cảm, xu hướng, chính kiến gì của mình đối với nhân vật và sự kiện mà mình mô tả. ',24,70,19,_binary '\0'),(73,'How To Draw','2013-12-14','how-to-draw.jpg','How to Draw is for artists, architects and designers. It is useful to the novice, the student and the professional. You will learn how to draw any object or environment from your imagination, starting with the most basic perspective drawing skills. How to Draw is for artists, architects and designers. It is useful to the novice, the student and the professional. You will learn how to draw any object or environment from your imagination, starting with the most basic perspective drawing skills. ',25,71,30,_binary '\0'),(74,'Sức Bền Vật Liệu Và Kết Cấu','2012-03-22','suc-ben-vat-lieu-va-ket-cau.jpg','Sức bền vật liệu là môn học cơ sở quan trọng, cung cấp cho người học những kiến thức cơ bản nhất để giải các bài toán liên quan đến hệ thanh, tính toán sức bền của vật liệu và kết cấu. Chính vì vậy sức bền vật liệu và cơ học kết cấu được giảng dạy cho sinh viên tất cả các trường đại học kỹ thuật ',25,72,31,_binary ''),(75,'Giáo Trình Vẽ Kỹ Thuật Xây Dựng','2015-11-11','giao-trinh-ve-ky-thuat-xay-dung.jpg','Giáo trình \" Vẽ kỹ thuật xây dựng\" này được dùng làm tài liệu giảng dạy và học tập môn Vẽ kỷ thuật trong các trường Trung học kỷ thuật và Dạy nghề xây dựng. Các trường thuộc loại hình này sẽ đào tạo ra những cán bộ kỷ thuật hoặc công nhân làm việc trong lĩnh vực xây dựng cơ bản. ',25,73,32,_binary '\0'),(76,'Sinh Lý Sinh Sản Gia Súc','2015-08-20','sinh-ly-sinh-san-gia-suc.jpg','Sinh Lý Sinh Sản Gia Súc (NXB Nông Nghiệp 1998) - Nguyễn Tấn Anh, 244 Trang ',26,74,33,_binary '\0'),(77,'Kỹ Thuật Làm Giá Đỗ','2015-04-12','ky-thuat-lam-gia-do.jpg','Không phải ai cũng biết lựa chọn để mua được loại giá đỗ đạt tiêu chuẩn thơm ngon, mát, bổ và an toàn cho gia đình mình. Cuốn sách Kỹ thuật làm giá đỗ sẽ cung cấp cho các bà nội trợ những kỹ năng đó. Đặc biệt, để đảm bảo lượng dinh dưỡng các bạn có thể tự làm giá cho gia đình mình. Không chỉ có vậy, cuốn sách còn cung cấp kỹ thuật làm giá đỗ dành cho người sản xuất chuyên nghiệp, giúp các bạn làm ra được những mẻ giá đảm bảo về chất lượng và năng suất. Bên cạnh đó, cuốn sách còn giới thiệu cách thức bảo quản giá đỗ cũng như một món ăn được chế biến từ giá đỗ. ',26,75,34,_binary '\0'),(78,'Giáo Trình Dược Lý Học Thú Y','2016-03-15','giao-trinh-duoc-ly-hoc-thu-y.jpg','Hơn 20 năm trước, có thể nói, ở Việt Nam chưa có thị trường tự do thuốc thú y. Công cuộc đổi mới đất nước kể từ năm 1986 đến nay đã mang lại những thành tựu to lớn đối với nhiều lĩnh vực nói chung, cũng như đã thực sự đem lại sức sống sôi động mới cho ngành Dược Thú y Việt Nam. Hơn 20 năm trước, có thể nói, ở Việt Nam chưa có thị trường tự do thuốc thú y. Công cuộc đổi mới đất nước kể từ năm 1986 đến nay đã mang lại những thành tựu to lớn đối với nhiều lĩnh vực nói chung, cũng như đã thực sự đem lại sức sống sôi động mới cho ngành Dược Thú y Việt Nam. ',26,76,17,_binary '\0'),(79,'Machine Learning Cơ Bản','2018-12-12','machine-learning-co-ban.jpg','Những năm gần đây, AI - Artificial Intelligence (Trí Tuệ Nhân Tạo), và cụ thể hơn là Machine Learning (Học Máy hoặc Máy Học) nổi lên như một bằng chứng của cuộc cách mạng công nghiệp lần thứ tư (1 - động cơ hơi nước, 2 - năng lượng điện, 3 - công nghệ thông tin). Trí Tuệ Nhân Tạo đang len lỏi vào mọi lĩnh vực trong đời sống mà có thể chúng ta không nhận ra. Xe tự hành của Google và Tesla, hệ thống tự tag khuôn mặt trong ảnh của Facebook, trợ lý ảo Siri của Apple, hệ thống gợi ý sản phẩm của Amazon, hệ thống gợi ý phim của Netflix, máy chơi cờ vây AlphaGo của Google DeepMind, …, chỉ là một vài trong vô vàn những ứng dụng của AI/Machine Learning. Những năm gần đây, AI - Artificial Intelligence (Trí Tuệ Nhân Tạo), và cụ thể hơn là Machine Learning (Học Máy hoặc Máy Học) nổi lên như một bằng chứng của cuộc cách mạng công nghiệp lần thứ tư (1 - động cơ hơi nước, 2 - năng lượng điện, 3 - công nghệ thông tin). Trí Tuệ Nhân Tạo đang len lỏi vào mọi lĩnh vực trong đời sống mà có thể chúng ta không nhận ra. Xe tự hành của Google và Tesla, hệ thống tự tag khuôn mặt trong ảnh của Facebook, trợ lý ảo Siri của Apple, hệ thống gợi ý sản phẩm của Amazon, hệ thống gợi ý phim của Netflix, máy chơi cờ vây AlphaGo của Google DeepMind, …, chỉ là một vài trong vô vàn những ứng dụng của AI/Machine Learning. Những năm gần đây, AI - Artificial Intelligence (Trí Tuệ Nhân Tạo), và cụ thể hơn là Machine Learning (Học Máy hoặc Máy Học) nổi lên như một bằng chứng của cuộc cách mạng công nghiệp lần thứ tư (1 - động cơ hơi nước, 2 - năng lượng điện, 3 - công nghệ thông tin). Trí Tuệ Nhân Tạo đang len lỏi vào mọi lĩnh vực trong đời sống mà có thể chúng ta không nhận ra. Xe tự hành của Google và Tesla, hệ thống tự tag khuôn mặt trong ảnh của Facebook, trợ lý ảo Siri của Apple, hệ thống gợi ý sản phẩm của Amazon, hệ thống gợi ý phim của Netflix, máy chơi cờ vây AlphaGo của Google DeepMind, …, chỉ là một vài trong vô vàn những ứng dụng của AI/Machine Learning. Những năm gần đây, AI - Artificial Intelligence (Trí Tuệ Nhân Tạo), và cụ thể hơn là Machine Learning (Học Máy hoặc Máy Học) nổi lên như một bằng chứng của cuộc cách mạng công nghiệp lần thứ tư (1 - động cơ hơi nước, 2 - năng lượng điện, 3 - công nghệ thông tin). Trí Tuệ Nhân Tạo đang len lỏi vào mọi lĩnh vực trong đời sống mà có thể chúng ta không nhận ra. Xe tự hành của Google và Tesla, hệ thống tự tag khuôn mặt trong ảnh của Facebook, trợ lý ảo Siri của Apple, hệ thống gợi ý sản phẩm của Amazon, hệ thống gợi ý phim của Netflix, máy chơi cờ vây AlphaGo của Google DeepMind, …, chỉ là một vài trong vô vàn những ứng dụng của AI/Machine Learning. ',27,77,31,_binary ''),(80,'Giải Thuật Và Lập Trình','2018-04-11','giai-thuat-va-lap-trinh-le-minh-hoang.jpg','Nếu bạn là người đam mê tin học, nếu bạn là người muốn khám phá về lập trình, hẳn bạn phải biết đến một cuốn sách tin học rất nổi tiếng ở Việt Nam trong nhiều năm trở lại đây. Từ những học sinh không chuyên đến những thành viên đội tuyển thi quốc tế tin học, có lẽ không một ai chưa từng học qua cuốn sách được biên soạn bởi một thầy giáo trẻ những đầy tài năng của trường Đại học Sư phạm Hà Nội, thầy Lê Minh Hoàng. Mục lục: PHẦN 1 – BÀI TOÁN LIỆT KÊ Nếu bạn là người đam mê tin học, nếu bạn là người muốn khám phá về lập trình, hẳn bạn phải biết đến một cuốn sách tin học rất nổi tiếng ở Việt Nam trong nhiều năm trở lại đây. Từ những học sinh không chuyên đến những thành viên đội tuyển thi quốc tế tin học, có lẽ không một ai chưa từng học qua cuốn sách được biên soạn bởi một thầy giáo trẻ những đầy tài năng của trường Đại học Sư phạm Hà Nội, thầy Lê Minh Hoàng. Mục lục: PHẦN 1 – BÀI TOÁN LIỆT KÊ Nếu bạn là người đam mê tin học, nếu bạn là người muốn khám phá về lập trình, hẳn bạn phải biết đến một cuốn sách tin học rất nổi tiếng ở Việt Nam trong nhiều năm trở lại đây. Từ những học sinh không chuyên đến những thành viên đội tuyển thi quốc tế tin học, có lẽ không một ai chưa từng học qua cuốn sách được biên soạn bởi một thầy giáo trẻ những đầy tài năng của trường Đại học Sư phạm Hà Nội, thầy Lê Minh Hoàng. Mục lục: PHẦN 1 – BÀI TOÁN LIỆT KÊ Nếu bạn là người đam mê tin học, nếu bạn là người muốn khám phá về lập trình, hẳn bạn phải biết đến một cuốn sách tin học rất nổi tiếng ở Việt Nam trong nhiều năm trở lại đây. Từ những học sinh không chuyên đến những thành viên đội tuyển thi quốc tế tin học, có lẽ không một ai chưa từng học qua cuốn sách được biên soạn bởi một thầy giáo trẻ những đầy tài năng của trường Đại học Sư phạm Hà Nội, thầy Lê Minh Hoàng. Mục lục: PHẦN 1 – BÀI TOÁN LIỆT KÊ ',27,78,35,_binary ''),(81,'Pro ASP.NET MVC 5','2014-12-27','pro-asp-net-mvc-5.jpg','Example Code: https://github.com/apress/pro-asp.net-mvc-5 Example Code: https://github.com/apress/pro-asp.net-mvc-5 Example Code: https://github.com/apress/pro-asp.net-mvc-5 Example Code: https://github.com/apress/pro-asp.net-mvc-5 ',27,79,36,_binary '\0'),(82,'Học Tốt Sinh Học 10','2006-03-08','hoc-tot-sinh-hoc-10.jpg','Cuốn sách \"Học tốt sinh học 10\" của tác giả Trần Văn Minh - La Thị Thu Cúc biên soạn nhằm giúp các em ôn luyện kiến thức trọng tâm của chương trình sinh học lớp 10, đồng thời vận dụng lý thuyết để trả lời các câu hỏi trắc nghiệm cũng như làm các phần bài tập tự luận.',28,80,37,_binary '\0'),(83,'Giải Bài Tập Đại Số 10','2015-02-07','giai-bai-tap-dai-so-10.jpg','Cuốn sách \"Giải Bài Tập Đại Số 10\" của tác giả Nguyễn Vũ Thanh - Trần Minh Chiến soạn thảo nhằm giúp các em học sinh học tốt môn toán, tra cứu kết quả và tìm ra phương pháp cho mình để giải các dạng toán sau này. ',28,81,37,_binary ''),(84,'Những Bài Làm Văn Tiêu Biểu 10','2020-02-20','nhung-bai-lam-van-tieu-bieu-10-nguyen-xuan-lac.jpg','Cuốn sách \"Những Bài Làm Văn Tiêu Biểu 10\" của tác giả Nguyễn Xuân Lạc soạn thảo nhằm giúp các em làm tốt các bài văn viết trong năm học, góp phần rèn luyện kĩ năng làm bài. Cuốn sách bao gồm 4 phần với 33 bài làm văn tiêu biểu: Cuốn sách \"Những Bài Làm Văn Tiêu Biểu 10\" của tác giả Nguyễn Xuân Lạc soạn thảo nhằm giúp các em làm tốt các bài văn viết trong năm học, góp phần rèn luyện kĩ năng làm bài. Cuốn sách bao gồm 4 phần với 33 bài làm văn tiêu biểu: ',28,82,37,_binary ''),(85,'Món Ăn Giúp Trẻ Thông Minh Học Giỏi','2016-04-22','mon-an-giup-tre-thong-minh-hoc-gioi.jpg','Cuốn sách \"Món ăn giúp trẻ thông minh học giỏi\" xin giới thiệu các loại thực phẩm thông dụng hàng ngày, các món ăn bổ dưỡng giúp trẻ nhỏ thêm linh lợi, hoạt bát, giúp sĩ tử thêm vững tin trước các kỳ thi đầy gian nan. ',29,83,17,_binary ''),(86,'Những Món Ăn Chay Nổi Tiếng','2009-02-14','nhung-mon-an-chay-noi-tieng.jpg','Thực ra, các món chay không chỉ ngon miệng, cung cấp đủ chất dinh dưỡng mà còn dễ thực hiện. \"Những món ăn chay nổi tiếng\" là cẩm nang ẩm thực chay hoàn hảo, nó hấp dẫn ngay cả những người ăn mặn đã từng cho rằng ăn chay là thiếu dinh dưỡng. Cuốn sách hướng dẫn bạn làm các món chay từ khai vị đến tráng miệng. Bạn hãy thử chọn một thực đơn cho bữa ăn gia đình mà bạn ưa thích. Sự ngạc nhiên và ngon miệng của mọi người chắc chắn sẽ dành cho bạn. Rồi bạn sẽ làm cho họ \"ghiền\" ăn chay bởi tài chế biến của bạn qua các món chay nổi tiếng này! ',29,84,12,_binary ''),(87,'Dinh Dưỡng Cho Trẻ Béo Phì','2015-02-18','dinh-duong-cho-tre-beo-phi.jpg','Món gà - món vịt là những thức ăn thân thuộc với người Việt Nam từ bao đời nay. Trong bữa cơm gia đình, trong các buổi tiệc sang trọng hay bữa cúng giỗ, hiếm khi nào lại thiếu món gà - món vịt vừa ngon vừa giàu dinh dưỡng này. Món gà - món vịt là những thức ăn thân thuộc với người Việt Nam từ bao đời nay. Trong bữa cơm gia đình, trong các buổi tiệc sang trọng hay bữa cúng giỗ, hiếm khi nào lại thiếu món gà - món vịt vừa ngon vừa giàu dinh dưỡng này. Món gà - món vịt là những thức ăn thân thuộc với người Việt Nam từ bao đời nay. Trong bữa cơm gia đình, trong các buổi tiệc sang trọng hay bữa cúng giỗ, hiếm khi nào lại thiếu món gà - món vịt vừa ngon vừa giàu dinh dưỡng này. ',29,85,38,_binary '\0'),(88,'Luật Đất Đai','2013-11-28','luat-dat-dai.jpg','Luật đất đai - Luật số 45/2013/QH13 điều chỉnh Chương trình xây dựng luật, pháp lệnh nhiệm kỳ Quốc hội khóa XIII, năm 2013 và Chương trình xây dựng luật, pháp lệnh năm 2014 do Quốc hội ban hành, sửa đổi bổ sung một số điều so với Luật Đất đai 2003, Luật Đất đai mới nhất này có 14 chương với 212 điều, tăng 7 chương và 66 điều. Luật có hiệu lực từ ngày 01/07/2014. ',30,86,1,_binary '\0'),(89,'Luật Thương Mại','2005-06-13','luat-thuong-mai.jpg','Ngày 14/6/2005, Quốc hội ban hành Luật Thương mại số 36/2005/QH11, áp dụng đối với các cá nhân hoạt động thường xuyên, độc lập; Các thương nhân hoạt động thương mại; Các tổ chức, cá nhân khác hoạt động có liên quan tới thương mại ',30,86,39,_binary ''),(90,'Bộ Luật Lao Động','2013-11-28','bo-luat-lao-dong.jpg','Bộ luật Lao động (Luật số: 10/2012/QH13) đã được Quốc hội khoá XIII thông qua ngày 18/6/2012, bắt đầu có hiệu lực từ 1/5/2013. Bộ luật lao động gồm 17 chương, 242 điều, tăng 19 điều so với Bộ luật Lao động năm 2006. ',30,86,1,_binary '\0');
/*!40000 ALTER TABLE `Book` ENABLE KEYS */;
UNLOCK TABLES;

--
-- Table structure for table `BorrowReturn`
--

DROP TABLE IF EXISTS `BorrowReturn`;
/*!40101 SET @saved_cs_client     = @@character_set_client */;
/*!50503 SET character_set_client = utf8mb4 */;
CREATE TABLE `BorrowReturn` (
  `BorrowReturnID` varchar(10) CHARACTER SET utf8 COLLATE utf8_general_ci NOT NULL,
  `CardID` varchar(20) CHARACTER SET utf8 COLLATE utf8_general_ci NOT NULL,
  `EmployeeID` varchar(10) CHARACTER SET utf8 COLLATE utf8_general_ci NOT NULL,
  `BorrowDate` date DEFAULT NULL,
  `ReturnDate` date DEFAULT NULL,
  `Fines` decimal(10,2) DEFAULT '0.00',
  PRIMARY KEY (`BorrowReturnID`,`CardID`,`EmployeeID`),
  KEY `CardID` (`CardID`),
  KEY `EmployeeID` (`EmployeeID`),
  CONSTRAINT `BorrowReturn_ibfk_1` FOREIGN KEY (`CardID`) REFERENCES `Card` (`CardID`),
  CONSTRAINT `BorrowReturn_ibfk_2` FOREIGN KEY (`EmployeeID`) REFERENCES `Employee` (`EmployeeID`)
) ENGINE=InnoDB DEFAULT CHARSET=utf8mb4 COLLATE=utf8mb4_0900_ai_ci;
/*!40101 SET character_set_client = @saved_cs_client */;

--
-- Dumping data for table `BorrowReturn`
--

LOCK TABLES `BorrowReturn` WRITE;
/*!40000 ALTER TABLE `BorrowReturn` DISABLE KEYS */;
INSERT INTO `BorrowReturn` VALUES ('BR1','C1','NV1','2020-11-01','2020-12-04',15000.00),('BR10','C9','NV6','2020-04-12','2020-07-14',320000.00),('BR100','C99','NV6','2020-09-03','2020-11-17',230000.00),('BR101','C100','NV8','2020-10-20',NULL,NULL),('BR102','C101','NV8','2020-10-01','2020-11-23',120000.00),('BR11','C10','NV7','2020-02-14','2020-10-03',1015000.00),('BR12','C11','NV7','2020-10-21','2020-11-26',35000.00),('BR13','C12','NV6','2020-08-27',NULL,NULL),('BR14','C13','NV5','2020-06-21',NULL,NULL),('BR15','C14','NV9','2020-06-01',NULL,NULL),('BR16','C15','NV6','2020-05-24',NULL,NULL),('BR17','C16','NV4','2020-05-24',NULL,NULL),('BR18','C17','NV4','2020-03-14','2020-03-16',NULL),('BR19','C18','NV5','2020-03-23','2020-09-05',685000.00),('BR2','C1','NV10','2020-08-23','2020-10-27',180000.00),('BR20','C19','NV5','2020-11-17','2020-11-17',NULL),('BR21','C20','NV9','2020-10-01','2020-11-12',65000.00),('BR22','C21','NV4','2020-04-24','2020-10-22',760000.00),('BR23','C22','NV2','2020-10-31','2020-11-04',NULL),('BR24','C23','NV9','2020-08-19',NULL,NULL),('BR25','C24','NV4','2020-06-04','2020-09-16',375000.00),('BR26','C25','NV7','2020-11-07','2020-11-12',NULL),('BR27','C26','NV4','2020-07-16','2020-11-11',445000.00),('BR28','C27','NV9','2020-08-18',NULL,NULL),('BR29','C28','NV3','2020-04-01','2020-04-19',NULL),('BR3','C2','NV3','2020-08-17',NULL,NULL),('BR30','C29','NV7','2020-06-20','2020-07-08',NULL),('BR31','C30','NV10','2020-11-14','2020-11-13',NULL),('BR32','C31','NV10','2020-10-24','2020-10-26',NULL),('BR33','C32','NV10','2020-09-14',NULL,NULL),('BR34','C33','NV2','2020-04-24','2020-11-24',925000.00),('BR35','C34','NV7','2020-11-09',NULL,NULL),('BR36','C35','NV2','2020-07-01','2020-10-12',370000.00),('BR37','C36','NV6','2020-09-01','2020-10-14',70000.00),('BR38','C37','NV9','2020-07-05','2020-08-10',35000.00),('BR39','C38','NV6','2020-07-18','2020-08-22',30000.00),('BR4','C3','NV7','2020-08-07','2020-08-26',NULL),('BR40','C39','NV9','2020-09-13','2020-10-03',NULL),('BR41','C40','NV5','2020-09-01','2020-11-18',245000.00),('BR42','C41','NV10','2020-04-03','2020-09-07',640000.00),('BR43','C42','NV9','2020-04-17',NULL,NULL),('BR44','C43','NV6','2020-11-26',NULL,NULL),('BR45','C44','NV7','2020-07-22','2020-10-02',215000.00),('BR46','C45','NV5','2020-09-30',NULL,NULL),('BR47','C46','NV4','2020-11-25',NULL,NULL),('BR48','C47','NV8','2020-04-21',NULL,NULL),('BR49','C48','NV10','2020-08-16','2020-10-07',115000.00),('BR5','C4','NV6','2020-05-21',NULL,NULL),('BR50','C49','NV4','2020-11-06','2020-11-11',NULL),('BR51','C50','NV3','2020-05-25','2020-09-16',425000.00),('BR52','C51','NV6','2020-11-22',NULL,NULL),('BR53','C52','NV7','2020-09-08',NULL,NULL),('BR54','C53','NV10','2020-10-18','2020-11-12',NULL),('BR55','C54','NV4','2020-11-18','2020-11-18',NULL),('BR56','C55','NV6','2020-04-03',NULL,NULL),('BR57','C56','NV4','2020-11-25','2020-11-27',NULL),('BR58','C57','NV3','2020-07-27',NULL,NULL),('BR59','C58','NV10','2020-09-21','2020-10-12',NULL),('BR6','C5','NV9','2020-06-07','2020-06-10',NULL),('BR60','C59','NV2','2020-08-20','2020-09-30',60000.00),('BR61','C60','NV7','2020-06-27',NULL,NULL),('BR62','C61','NV2','2020-07-19',NULL,NULL),('BR63','C62','NV4','2020-08-24',NULL,NULL),('BR64','C63','NV8','2020-11-27',NULL,NULL),('BR65','C64','NV2','2020-11-08',NULL,NULL),('BR66','C65','NV10','2020-06-11',NULL,NULL),('BR67','C66','NV6','2020-05-27','2020-06-08',NULL),('BR68','C67','NV6','2020-03-06',NULL,NULL),('BR69','C68','NV2','2020-07-05','2020-11-03',460000.00),('BR7','C6','NV5','2020-05-18','2020-07-12',130000.00),('BR70','C69','NV7','2020-11-26','2020-11-27',NULL),('BR71','C70','NV6','2020-09-06','2020-10-03',NULL),('BR72','C71','NV7','2020-04-06','2020-09-17',675000.00),('BR73','C72','NV6','2020-01-24',NULL,NULL),('BR74','C73','NV9','2020-01-16','2020-04-04',250000.00),('BR75','C74','NV7','2020-11-10','2020-11-17',NULL),('BR76','C75','NV10','2020-10-25','2020-11-06',NULL),('BR77','C76','NV3','2020-10-16',NULL,NULL),('BR78','C77','NV9','2020-06-21',NULL,NULL),('BR79','C78','NV3','2020-11-15',NULL,NULL),('BR8','C7','NV9','2020-02-07',NULL,NULL),('BR80','C79','NV5','2020-07-25','2020-08-23',NULL),('BR81','C80','NV3','2020-10-15','2020-10-24',NULL),('BR82','C81','NV5','2020-11-27','2020-11-26',NULL),('BR83','C82','NV7','2020-11-10',NULL,NULL),('BR84','C83','NV3','2020-06-25','2020-07-04',NULL),('BR85','C84','NV10','2020-09-08','2020-10-07',NULL),('BR86','C85','NV8','2020-07-01',NULL,NULL),('BR87','C86','NV4','2020-10-08',NULL,NULL),('BR88','C87','NV9','2020-04-07',NULL,NULL),('BR89','C88','NV3','2020-10-01','2020-11-27',140000.00),('BR9','C8','NV9','2020-01-21',NULL,NULL),('BR90','C89','NV4','2020-09-15',NULL,NULL),('BR91','C90','NV10','2020-05-24','2020-06-03',NULL),('BR92','C91','NV4','2020-10-27',NULL,NULL),('BR93','C92','NV8','2020-08-31','2020-10-14',75000.00),('BR94','C93','NV7','2020-11-13',NULL,NULL),('BR95','C94','NV7','2020-11-25',NULL,NULL),('BR96','C95','NV8','2020-11-20',NULL,NULL),('BR97','C96','NV10','2020-08-19',NULL,NULL),('BR98','C97','NV2','2020-04-09',NULL,NULL),('BR99','C98','NV9','2020-09-03','2020-11-05',170000.00);
/*!40000 ALTER TABLE `BorrowReturn` ENABLE KEYS */;
UNLOCK TABLES;

--
-- Table structure for table `BorrowReturnDetail`
--

DROP TABLE IF EXISTS `BorrowReturnDetail`;
/*!40101 SET @saved_cs_client     = @@character_set_client */;
/*!50503 SET character_set_client = utf8mb4 */;
CREATE TABLE `BorrowReturnDetail` (
  `ID` int NOT NULL AUTO_INCREMENT,
  `BorrowReturnID` varchar(10) CHARACTER SET utf8 COLLATE utf8_general_ci NOT NULL,
  `BookID` int NOT NULL,
  `Lost` bit(1) DEFAULT NULL,
  PRIMARY KEY (`ID`,`BorrowReturnID`,`BookID`),
  UNIQUE KEY `ID` (`ID`),
  KEY `BorrowReturnID` (`BorrowReturnID`),
  KEY `BookID` (`BookID`),
  CONSTRAINT `BorrowReturnDetail_ibfk_1` FOREIGN KEY (`BorrowReturnID`) REFERENCES `BorrowReturn` (`BorrowReturnID`),
  CONSTRAINT `BorrowReturnDetail_ibfk_2` FOREIGN KEY (`BookID`) REFERENCES `Book` (`BookID`)
) ENGINE=InnoDB AUTO_INCREMENT=319 DEFAULT CHARSET=utf8mb4 COLLATE=utf8mb4_0900_ai_ci;
/*!40101 SET character_set_client = @saved_cs_client */;

--
-- Dumping data for table `BorrowReturnDetail`
--

LOCK TABLES `BorrowReturnDetail` WRITE;
/*!40000 ALTER TABLE `BorrowReturnDetail` DISABLE KEYS */;
INSERT INTO `BorrowReturnDetail` VALUES (1,'BR1',1,_binary '\0'),(2,'BR1',1,_binary ''),(3,'BR1',2,_binary ''),(4,'BR2',46,_binary '\0'),(5,'BR2',34,_binary '\0'),(6,'BR2',71,_binary ''),(7,'BR2',77,_binary ''),(8,'BR2',46,_binary ''),(9,'BR3',48,_binary '\0'),(10,'BR3',67,_binary '\0'),(11,'BR4',79,_binary ''),(12,'BR4',17,_binary '\0'),(13,'BR4',77,_binary '\0'),(14,'BR4',51,_binary '\0'),(15,'BR4',23,_binary '\0'),(16,'BR5',67,_binary '\0'),(17,'BR5',16,_binary '\0'),(18,'BR5',54,_binary '\0'),(19,'BR5',50,_binary '\0'),(20,'BR5',52,_binary '\0'),(21,'BR6',70,_binary '\0'),(22,'BR7',89,_binary ''),(23,'BR7',30,_binary ''),(24,'BR7',75,_binary ''),(25,'BR8',1,_binary '\0'),(26,'BR9',14,_binary '\0'),(27,'BR9',55,_binary '\0'),(28,'BR10',39,_binary ''),(29,'BR11',49,_binary ''),(30,'BR11',32,_binary ''),(31,'BR11',17,_binary ''),(32,'BR11',44,_binary ''),(33,'BR11',55,_binary '\0'),(34,'BR12',28,_binary ''),(35,'BR12',11,_binary '\0'),(36,'BR12',65,_binary ''),(37,'BR13',42,_binary '\0'),(38,'BR13',47,_binary '\0'),(39,'BR13',34,_binary '\0'),(40,'BR14',16,_binary '\0'),(41,'BR14',49,_binary '\0'),(42,'BR14',21,_binary '\0'),(43,'BR14',6,_binary '\0'),(44,'BR14',6,_binary '\0'),(45,'BR15',40,_binary '\0'),(46,'BR15',74,_binary '\0'),(47,'BR15',86,_binary '\0'),(48,'BR15',66,_binary '\0'),(49,'BR15',57,_binary '\0'),(50,'BR16',75,_binary '\0'),(51,'BR16',80,_binary '\0'),(52,'BR16',56,_binary '\0'),(53,'BR16',2,_binary '\0'),(54,'BR17',83,_binary '\0'),(55,'BR18',3,_binary ''),(56,'BR18',60,_binary ''),(57,'BR18',63,_binary '\0'),(58,'BR19',28,_binary ''),(59,'BR19',53,_binary ''),(60,'BR20',7,_binary '\0'),(61,'BR20',78,_binary ''),(62,'BR20',83,_binary '\0'),(63,'BR21',45,_binary ''),(64,'BR21',26,_binary '\0'),(65,'BR22',90,_binary '\0'),(66,'BR22',60,_binary ''),(67,'BR22',69,_binary '\0'),(68,'BR23',9,_binary ''),(69,'BR23',57,_binary '\0'),(70,'BR23',78,_binary ''),(71,'BR23',34,_binary ''),(72,'BR24',31,_binary '\0'),(73,'BR24',49,_binary '\0'),(74,'BR24',72,_binary '\0'),(75,'BR24',40,_binary '\0'),(76,'BR25',78,_binary ''),(77,'BR25',64,_binary ''),(78,'BR26',68,_binary '\0'),(79,'BR26',22,_binary '\0'),(80,'BR27',30,_binary ''),(81,'BR27',7,_binary '\0'),(82,'BR28',23,_binary '\0'),(83,'BR28',10,_binary '\0'),(84,'BR28',86,_binary '\0'),(85,'BR29',52,_binary '\0'),(86,'BR29',15,_binary '\0'),(87,'BR29',43,_binary '\0'),(88,'BR29',23,_binary '\0'),(89,'BR29',73,_binary '\0'),(90,'BR30',55,_binary ''),(91,'BR30',28,_binary ''),(92,'BR30',89,_binary ''),(93,'BR30',44,_binary ''),(94,'BR30',26,_binary ''),(95,'BR31',23,_binary ''),(96,'BR31',24,_binary '\0'),(97,'BR31',82,_binary '\0'),(98,'BR31',86,_binary ''),(99,'BR31',56,_binary ''),(100,'BR32',81,_binary ''),(101,'BR32',50,_binary '\0'),(102,'BR32',1,_binary ''),(103,'BR33',6,_binary '\0'),(104,'BR33',74,_binary '\0'),(105,'BR33',77,_binary '\0'),(106,'BR34',65,_binary ''),(107,'BR35',49,_binary '\0'),(108,'BR35',20,_binary '\0'),(109,'BR35',70,_binary '\0'),(110,'BR36',59,_binary '\0'),(111,'BR36',21,_binary '\0'),(112,'BR36',48,_binary ''),(113,'BR36',13,_binary '\0'),(114,'BR36',41,_binary '\0'),(115,'BR37',22,_binary ''),(116,'BR37',54,_binary '\0'),(117,'BR37',13,_binary '\0'),(118,'BR37',6,_binary '\0'),(119,'BR38',8,_binary ''),(120,'BR38',63,_binary '\0'),(121,'BR38',55,_binary ''),(122,'BR38',2,_binary ''),(123,'BR38',45,_binary '\0'),(124,'BR39',68,_binary '\0'),(125,'BR39',30,_binary '\0'),(126,'BR39',6,_binary '\0'),(127,'BR39',24,_binary '\0'),(128,'BR40',88,_binary '\0'),(129,'BR40',6,_binary ''),(130,'BR40',89,_binary '\0'),(131,'BR40',13,_binary ''),(132,'BR40',13,_binary ''),(133,'BR41',38,_binary ''),(134,'BR42',88,_binary '\0'),(135,'BR42',5,_binary '\0'),(136,'BR42',27,_binary ''),(137,'BR42',72,_binary ''),(138,'BR43',25,_binary '\0'),(139,'BR43',45,_binary '\0'),(140,'BR43',8,_binary '\0'),(141,'BR43',88,_binary '\0'),(142,'BR44',86,_binary '\0'),(143,'BR45',57,_binary ''),(144,'BR45',58,_binary ''),(145,'BR45',84,_binary ''),(146,'BR46',48,_binary '\0'),(147,'BR46',61,_binary '\0'),(148,'BR46',87,_binary '\0'),(149,'BR47',31,_binary '\0'),(150,'BR47',28,_binary '\0'),(151,'BR47',30,_binary '\0'),(152,'BR47',27,_binary '\0'),(153,'BR47',78,_binary '\0'),(154,'BR48',12,_binary '\0'),(155,'BR48',78,_binary '\0'),(156,'BR48',19,_binary '\0'),(157,'BR49',53,_binary '\0'),(158,'BR50',9,_binary ''),(159,'BR50',4,_binary ''),(160,'BR50',19,_binary '\0'),(161,'BR50',88,_binary '\0'),(162,'BR50',66,_binary ''),(163,'BR51',5,_binary ''),(164,'BR51',61,_binary ''),(165,'BR51',86,_binary ''),(166,'BR51',84,_binary ''),(167,'BR51',87,_binary ''),(168,'BR52',80,_binary '\0'),(169,'BR53',70,_binary '\0'),(170,'BR53',29,_binary '\0'),(171,'BR53',58,_binary '\0'),(172,'BR53',74,_binary '\0'),(173,'BR53',9,_binary '\0'),(174,'BR54',50,_binary ''),(175,'BR55',55,_binary ''),(176,'BR56',79,_binary '\0'),(177,'BR57',42,_binary '\0'),(178,'BR57',2,_binary ''),(179,'BR57',85,_binary ''),(180,'BR58',89,_binary '\0'),(181,'BR58',90,_binary '\0'),(182,'BR58',86,_binary '\0'),(183,'BR58',4,_binary '\0'),(184,'BR58',76,_binary '\0'),(185,'BR59',40,_binary '\0'),(186,'BR59',79,_binary '\0'),(187,'BR59',31,_binary ''),(188,'BR60',32,_binary '\0'),(189,'BR60',87,_binary '\0'),(190,'BR60',38,_binary '\0'),(191,'BR60',35,_binary ''),(192,'BR61',37,_binary '\0'),(193,'BR61',60,_binary '\0'),(194,'BR61',54,_binary '\0'),(195,'BR61',76,_binary '\0'),(196,'BR62',85,_binary '\0'),(197,'BR63',30,_binary '\0'),(198,'BR63',31,_binary '\0'),(199,'BR63',6,_binary '\0'),(200,'BR63',37,_binary '\0'),(201,'BR63',12,_binary '\0'),(202,'BR64',81,_binary '\0'),(203,'BR64',56,_binary '\0'),(204,'BR64',20,_binary '\0'),(205,'BR65',55,_binary '\0'),(206,'BR65',37,_binary '\0'),(207,'BR65',30,_binary '\0'),(208,'BR66',12,_binary '\0'),(209,'BR66',80,_binary '\0'),(210,'BR66',19,_binary '\0'),(211,'BR66',1,_binary '\0'),(212,'BR67',88,_binary ''),(213,'BR68',34,_binary '\0'),(214,'BR68',85,_binary '\0'),(215,'BR69',23,_binary '\0'),(216,'BR70',44,_binary ''),(217,'BR70',90,_binary ''),(218,'BR70',53,_binary '\0'),(219,'BR70',52,_binary '\0'),(220,'BR71',63,_binary '\0'),(221,'BR71',74,_binary ''),(222,'BR72',9,_binary ''),(223,'BR72',8,_binary '\0'),(224,'BR72',31,_binary '\0'),(225,'BR72',5,_binary ''),(226,'BR73',63,_binary '\0'),(227,'BR73',17,_binary '\0'),(228,'BR73',41,_binary '\0'),(229,'BR74',57,_binary '\0'),(230,'BR74',72,_binary ''),(231,'BR74',63,_binary '\0'),(232,'BR75',53,_binary '\0'),(233,'BR75',41,_binary ''),(234,'BR75',56,_binary ''),(235,'BR76',63,_binary '\0'),(236,'BR76',67,_binary ''),(237,'BR77',60,_binary '\0'),(238,'BR77',19,_binary '\0'),(239,'BR77',10,_binary '\0'),(240,'BR78',16,_binary '\0'),(241,'BR78',70,_binary '\0'),(242,'BR78',27,_binary '\0'),(243,'BR79',26,_binary '\0'),(244,'BR80',27,_binary '\0'),(245,'BR80',10,_binary '\0'),(246,'BR80',5,_binary ''),(247,'BR80',48,_binary ''),(248,'BR81',84,_binary '\0'),(249,'BR81',18,_binary ''),(250,'BR81',46,_binary '\0'),(251,'BR81',88,_binary ''),(252,'BR81',11,_binary '\0'),(253,'BR82',63,_binary ''),(254,'BR82',38,_binary ''),(255,'BR82',47,_binary '\0'),(256,'BR82',65,_binary ''),(257,'BR83',31,_binary '\0'),(258,'BR84',74,_binary '\0'),(259,'BR84',81,_binary '\0'),(260,'BR85',67,_binary '\0'),(261,'BR85',23,_binary '\0'),(262,'BR85',36,_binary ''),(263,'BR85',41,_binary '\0'),(264,'BR86',25,_binary '\0'),(265,'BR86',51,_binary '\0'),(266,'BR86',33,_binary '\0'),(267,'BR87',60,_binary '\0'),(268,'BR87',11,_binary '\0'),(269,'BR87',76,_binary '\0'),(270,'BR87',31,_binary '\0'),(271,'BR88',36,_binary '\0'),(272,'BR88',3,_binary '\0'),(273,'BR88',3,_binary '\0'),(274,'BR88',34,_binary '\0'),(275,'BR88',46,_binary '\0'),(276,'BR89',49,_binary ''),(277,'BR89',68,_binary ''),(278,'BR89',69,_binary '\0'),(279,'BR89',10,_binary ''),(280,'BR90',69,_binary '\0'),(281,'BR90',73,_binary '\0'),(282,'BR90',32,_binary '\0'),(283,'BR90',8,_binary '\0'),(284,'BR91',17,_binary ''),(285,'BR91',78,_binary ''),(286,'BR91',40,_binary ''),(287,'BR92',87,_binary '\0'),(288,'BR92',86,_binary '\0'),(289,'BR92',45,_binary '\0'),(290,'BR92',88,_binary '\0'),(291,'BR92',11,_binary '\0'),(292,'BR93',60,_binary ''),(293,'BR93',82,_binary '\0'),(294,'BR94',81,_binary '\0'),(295,'BR94',64,_binary '\0'),(296,'BR95',15,_binary '\0'),(297,'BR95',65,_binary '\0'),(298,'BR96',78,_binary '\0'),(299,'BR96',48,_binary '\0'),(300,'BR97',52,_binary '\0'),(301,'BR97',69,_binary '\0'),(302,'BR97',25,_binary '\0'),(303,'BR98',52,_binary '\0'),(304,'BR98',4,_binary '\0'),(305,'BR98',72,_binary '\0'),(306,'BR99',84,_binary '\0'),(307,'BR99',55,_binary '\0'),(308,'BR99',26,_binary '\0'),(309,'BR99',7,_binary ''),(310,'BR99',13,_binary ''),(311,'BR100',42,_binary ''),(312,'BR100',5,_binary '\0'),(313,'BR100',14,_binary ''),(314,'BR100',50,_binary '\0'),(315,'BR101',65,_binary '\0'),(316,'BR101',44,_binary '\0'),(317,'BR101',73,_binary '\0'),(318,'BR102',18,_binary '');
/*!40000 ALTER TABLE `BorrowReturnDetail` ENABLE KEYS */;
UNLOCK TABLES;

--
-- Table structure for table `Card`
--

DROP TABLE IF EXISTS `Card`;
/*!40101 SET @saved_cs_client     = @@character_set_client */;
/*!50503 SET character_set_client = utf8mb4 */;
CREATE TABLE `Card` (
  `CardID` varchar(20) CHARACTER SET utf8 COLLATE utf8_general_ci NOT NULL,
  `CreateDate` date DEFAULT NULL,
  `DueDate` date DEFAULT NULL,
  PRIMARY KEY (`CardID`)
) ENGINE=InnoDB DEFAULT CHARSET=utf8mb4 COLLATE=utf8mb4_0900_ai_ci;
/*!40101 SET character_set_client = @saved_cs_client */;

--
-- Dumping data for table `Card`
--

LOCK TABLES `Card` WRITE;
/*!40000 ALTER TABLE `Card` DISABLE KEYS */;
INSERT INTO `Card` VALUES ('C1','2017-02-01','2021-02-01'),('C10','2020-01-22','2020-07-22'),('C100','2020-10-21','2021-04-21'),('C101','2020-09-02','2021-03-02'),('C11','2020-07-24','2021-01-24'),('C12','2020-05-01','2020-11-01'),('C13','2020-01-13','2020-07-13'),('C14','2020-05-14','2020-11-14'),('C15','2020-02-29','2020-08-31'),('C16','2020-01-24','2020-07-24'),('C17','2020-01-17','2020-07-17'),('C18','2020-01-11','2020-07-11'),('C19','2020-10-14','2021-04-14'),('C2','2020-03-27','2020-09-27'),('C20','2020-06-30','2020-12-31'),('C21','2020-03-27','2020-09-27'),('C22','2020-10-06','2021-04-06'),('C23','2020-07-21','2021-01-21'),('C24','2020-04-22','2020-10-22'),('C25','2020-10-23','2021-04-23'),('C26','2020-06-20','2020-12-20'),('C27','2020-07-18','2021-01-18'),('C28','2020-03-07','2020-09-07'),('C29','2019-12-31','2020-06-30'),('C3','2020-07-18','2021-01-18'),('C30','2020-10-17','2021-04-17'),('C31','2020-10-14','2021-04-14'),('C32','2020-06-04','2020-12-04'),('C33','2020-04-15','2020-10-15'),('C34','2020-09-20','2021-03-20'),('C35','2020-02-01','2020-08-01'),('C36','2020-05-18','2020-11-18'),('C37','2020-04-11','2020-10-11'),('C38','2020-04-20','2020-10-20'),('C39','2020-07-13','2021-01-13'),('C4','2020-01-11','2020-07-11'),('C40','2020-07-23','2021-01-23'),('C41','2020-03-13','2020-09-13'),('C42','2020-01-11','2020-07-11'),('C43','2020-10-01','2021-04-01'),('C44','2020-04-04','2020-10-04'),('C45','2020-05-17','2020-11-17'),('C46','2020-11-25','2021-05-25'),('C47','2020-03-10','2020-09-10'),('C48','2020-08-05','2021-02-05'),('C49','2020-09-24','2021-03-24'),('C5','2020-02-20','2020-08-20'),('C50','2020-05-03','2020-11-03'),('C51','2020-08-25','2021-02-25'),('C52','2020-03-23','2020-09-23'),('C53','2020-07-26','2021-01-26'),('C54','2020-11-19','2021-05-19'),('C55','2020-03-08','2020-09-08'),('C56','2020-11-14','2021-05-14'),('C57','2020-05-04','2020-11-04'),('C58','2020-05-13','2020-11-13'),('C59','2020-02-26','2020-08-26'),('C6','2020-03-21','2020-09-21'),('C60','2020-06-20','2020-12-20'),('C61','2020-05-27','2020-11-27'),('C62','2020-03-24','2020-09-24'),('C63','2020-10-25','2021-04-25'),('C64','2020-07-08','2021-01-08'),('C65','2020-02-21','2020-08-21'),('C66','2020-05-27','2020-11-27'),('C67','2020-02-06','2020-08-06'),('C68','2020-04-04','2020-10-04'),('C69','2020-11-01','2021-05-01'),('C7','2020-01-11','2020-07-11'),('C70','2020-05-06','2020-11-06'),('C71','2020-03-09','2020-09-09'),('C72','2020-01-10','2020-07-10'),('C73','2020-01-05','2020-07-05'),('C74','2020-05-20','2020-11-20'),('C75','2020-07-20','2021-01-20'),('C76','2020-07-06','2021-01-06'),('C77','2020-02-07','2020-08-07'),('C78','2020-08-27','2021-02-27'),('C79','2020-06-02','2020-12-02'),('C8','2020-01-08','2020-07-08'),('C80','2020-09-26','2021-03-26'),('C81','2020-07-12','2021-01-12'),('C82','2020-11-11','2021-05-11'),('C83','2020-03-21','2020-09-21'),('C84','2020-08-22','2021-02-22'),('C85','2020-06-22','2020-12-22'),('C86','2020-09-09','2021-03-09'),('C87','2020-01-31','2020-07-31'),('C88','2020-04-04','2020-10-04'),('C89','2020-04-27','2020-10-27'),('C9','2020-02-24','2020-08-24'),('C90','2020-05-04','2020-11-04'),('C91','2020-10-15','2021-04-15'),('C92','2020-05-09','2020-11-09'),('C93','2020-09-08','2021-03-08'),('C94','2020-11-07','2021-05-07'),('C95','2020-11-17','2021-05-17'),('C96','2020-03-02','2020-09-02'),('C97','2020-02-23','2020-08-23'),('C98','2020-07-11','2021-01-11'),('C99','2020-08-27','2021-02-27');
/*!40000 ALTER TABLE `Card` ENABLE KEYS */;
UNLOCK TABLES;

--
-- Table structure for table `Category`
--

DROP TABLE IF EXISTS `Category`;
/*!40101 SET @saved_cs_client     = @@character_set_client */;
/*!50503 SET character_set_client = utf8mb4 */;
CREATE TABLE `Category` (
  `CategoryID` int NOT NULL AUTO_INCREMENT,
  `CategoryName` varchar(200) CHARACTER SET utf8 COLLATE utf8_general_ci DEFAULT NULL,
  PRIMARY KEY (`CategoryID`)
) ENGINE=InnoDB AUTO_INCREMENT=32 DEFAULT CHARSET=utf8mb4 COLLATE=utf8mb4_0900_ai_ci;
/*!40101 SET character_set_client = @saved_cs_client */;

--
-- Dumping data for table `Category`
--

LOCK TABLES `Category` WRITE;
/*!40000 ALTER TABLE `Category` DISABLE KEYS */;
INSERT INTO `Category` VALUES (1,'Tâm Lý - Kỹ Năng Sống'),(2,'Kinh Tế - Quản Lý'),(3,'Marketing - Bán hàng'),(4,'Y Học - Sức Khỏe'),(5,'Học Ngoại Ngữ'),(6,'Khoa Học - Kỹ Thuật'),(7,'Thể Thao - Nghệ Thuật'),(8,'Trinh Thám - Hình Sự'),(9,'Văn Hóa - Tôn Giáo'),(10,'Tử Vi - Phong Thủy'),(11,'Lịch Sử - Chính Trị'),(12,'Văn Học Việt Nam'),(13,'Truyện Ngắn - Ngôn Tình'),(14,'Truyện Cười - Tiếu Lâm'),(15,'Tiểu Thuyết Phương Tây'),(16,'Truyện Ma - Truyện Kinh Dị'),(17,'Huyền bí - Giả Tưởng'),(18,'Hồi Ký - Tuỳ Bút'),(19,'Phiêu Lưu - Mạo Hiểm'),(20,'Truyên Teen - Tuổi Học Trò'),(21,'Cổ Tích - Thần Thoại'),(22,'Triết Học'),(23,'Kiếm Hiệp - Tiên Hiệp'),(24,'Tiểu Thuyết Trung Quốc'),(25,'Kiến Trúc - Xây Dựng'),(26,'Nông - Lâm - Ngư'),(27,'Công Nghệ Thông Tin'),(28,'Tài Liệu Học Tập'),(29,'Ẩm thực - Nấu ăn'),(30,'Thư Viện Pháp Luật');
/*!40000 ALTER TABLE `Category` ENABLE KEYS */;
UNLOCK TABLES;

--
-- Table structure for table `Employee`
--

DROP TABLE IF EXISTS `Employee`;
/*!40101 SET @saved_cs_client     = @@character_set_client */;
/*!50503 SET character_set_client = utf8mb4 */;
CREATE TABLE `Employee` (
  `EmployeeID` varchar(10) CHARACTER SET utf8 COLLATE utf8_general_ci NOT NULL,
  `EmployeeName` varchar(200) CHARACTER SET utf8 COLLATE utf8_general_ci DEFAULT NULL,
  `Email` varchar(100) CHARACTER SET utf8 COLLATE utf8_general_ci DEFAULT NULL,
  `Phone` varchar(20) CHARACTER SET utf8 COLLATE utf8_general_ci DEFAULT NULL,
  PRIMARY KEY (`EmployeeID`)
) ENGINE=InnoDB DEFAULT CHARSET=utf8mb4 COLLATE=utf8mb4_0900_ai_ci;
/*!40101 SET character_set_client = @saved_cs_client */;

--
-- Dumping data for table `Employee`
--

LOCK TABLES `Employee` WRITE;
/*!40000 ALTER TABLE `Employee` DISABLE KEYS */;
INSERT INTO `Employee` VALUES ('NV1','Nguyễn Kiệt','nkiet84@gmail.com','0784494448'),('NV10','Phạm Duy Luận','test9@gmail.com','0838256024'),('NV2','Bùi Hải Quân','test1@gmail.com','0903480313'),('NV3','Chung Thi Xuân','test2@gmail.com','0511368956'),('NV4','Nghiêm Xuân Liễu','test3@gmail.com','0838205235'),('NV5','Ngô Quang Thịnh','test4@gmail.com','0383901739'),('NV6','Hà Hoài Tín','test5@gmail.com','0553718998'),('NV7','Huỳnh Thùy My','test6@gmail.com','0838222177'),('NV8','Phan An Bình','test7@gmail.com','0838242310'),('NV9','Phan Linh Duyên','test8@gmail.com','0913826934');
/*!40000 ALTER TABLE `Employee` ENABLE KEYS */;
UNLOCK TABLES;

--
-- Table structure for table `Publisher`
--

DROP TABLE IF EXISTS `Publisher`;
/*!40101 SET @saved_cs_client     = @@character_set_client */;
/*!50503 SET character_set_client = utf8mb4 */;
CREATE TABLE `Publisher` (
  `PublisherID` int NOT NULL AUTO_INCREMENT,
  `PublisherName` varchar(200) CHARACTER SET utf8 COLLATE utf8_general_ci DEFAULT NULL,
  PRIMARY KEY (`PublisherID`)
) ENGINE=InnoDB AUTO_INCREMENT=42 DEFAULT CHARSET=utf8mb4 COLLATE=utf8mb4_0900_ai_ci;
/*!40101 SET character_set_client = @saved_cs_client */;

--
-- Dumping data for table `Publisher`
--

LOCK TABLES `Publisher` WRITE;
/*!40000 ALTER TABLE `Publisher` DISABLE KEYS */;
INSERT INTO `Publisher` VALUES (1,'Lao Động'),(2,'Trẻ'),(3,'Đà Nẵng'),(4,'Thế Giới'),(5,'Tổng hợp TP.HCM'),(6,'Lao Động Xã Hội'),(7,'Hồng Đức'),(8,'Y học'),(9,'Đại học Ngoại thương Hà Nội'),(10,'Đại Học Quốc Gia TPHCM'),(11,'Văn Hoá Thông Tin'),(12,'Mỹ Thuật'),(13,'Văn Hóa Dân Tộc'),(14,'Tôn Giáo'),(15,'Đồng Nai'),(16,'Ngân Hà Thư Xã'),(17,'Hà Nội'),(18,'Chính trị - hành chính'),(19,'Văn Học'),(20,'Hội Nhà Văn'),(21,'Văn Hóa - Thông Tin'),(22,'Khác'),(23,'Thanh Hóa'),(24,'Đất Mới'),(25,'Mặt Trận Nhân Dân'),(26,'Sông Kiên'),(27,'Kim Đồng'),(28,'Tri Thức'),(29,'Ngôn Ngữ'),(30,'Design Studio Press'),(31,'Khoa Học và Kĩ Thuật'),(32,'Giáo Dục'),(33,'Nông Nghiệp'),(34,'Thời Đại'),(35,'Đại Học Sư Phạm Hà Nội'),(36,'Apress'),(37,'Đại Học Quốc Gia Hà Nội'),(38,'Phụ Nữ'),(39,'Tư Pháp');
/*!40000 ALTER TABLE `Publisher` ENABLE KEYS */;
UNLOCK TABLES;

--
-- Table structure for table `Reader`
--

DROP TABLE IF EXISTS `Reader`;
/*!40101 SET @saved_cs_client     = @@character_set_client */;
/*!50503 SET character_set_client = utf8mb4 */;
CREATE TABLE `Reader` (
  `ReaderID` int NOT NULL AUTO_INCREMENT,
  `ReaderName` varchar(200) CHARACTER SET utf8 COLLATE utf8_general_ci DEFAULT NULL,
  `Email` varchar(100) CHARACTER SET utf8 COLLATE utf8_general_ci DEFAULT NULL,
  `Phone` varchar(20) CHARACTER SET utf8 COLLATE utf8_general_ci DEFAULT NULL,
  `CardID` varchar(20) CHARACTER SET utf8 COLLATE utf8_general_ci DEFAULT NULL,
  PRIMARY KEY (`ReaderID`),
  UNIQUE KEY `CardID` (`CardID`),
  CONSTRAINT `Reader_ibfk_1` FOREIGN KEY (`CardID`) REFERENCES `Card` (`CardID`)
) ENGINE=InnoDB AUTO_INCREMENT=103 DEFAULT CHARSET=utf8mb4 COLLATE=utf8mb4_0900_ai_ci;
/*!40101 SET character_set_client = @saved_cs_client */;

--
-- Dumping data for table `Reader`
--

LOCK TABLES `Reader` WRITE;
/*!40000 ALTER TABLE `Reader` DISABLE KEYS */;
INSERT INTO `Reader` VALUES (1,'Reader 1','test2@gmail.com','0784494448','C1'),(3,'Đào Việt Thái','I5@gmail.com','0802774137','C2'),(4,'Thạch Kim Thông','V10@gmail.com','0507370317','C3'),(5,'Nguyễn Nghĩa Dũng','M5@gmail.com','0804088799','C4'),(6,'Nguyễn Minh Hưng','U5@gmail.com','0305704371','C5'),(7,'Nguyễn Uy Phong','N10@gmail.com','0305856484','C6'),(8,'Chử Gia Uy','I10@gmail.com','0300832896','C7'),(9,'Kim Thiện Tâm','V10@gmail.com','0309139097','C8'),(10,'Liễu Gia Vinh','P4@gmail.com','0309562940','C9'),(11,'Lâm Cao Phong','I5@gmail.com','0701623639','C10'),(12,'Phùng Việt Phong','U8@gmail.com','0700261655','C11'),(13,'Bùi Hương Nhi','L10@gmail.com','0509247234','C12'),(14,'Lê Dạ Nguyệt','X7@gmail.com','0705283192','C13'),(15,'Đỗ Nhật Hạ','Q10@gmail.com','0906076608','C14'),(16,'Dương Hồng Nhung','J2@gmail.com','0908655354','C15'),(17,'Thảo Linh Duyên','I8@gmail.com','0807022873','C16'),(18,'Kiều Lan Nhi','W7@gmail.com','0508165660','C17'),(19,'Nguyễn Hương Trầm','O8@gmail.com','0900943991','C18'),(20,'Lê Tuyết Nga','I1@gmail.com','0707760601','C19'),(21,'Trần Thúy Mai','P7@gmail.com','0505739423','C20'),(22,'Mạc Tuyết Anh','T4@gmail.com','0803623296','C21'),(23,'Nguyễn Ðình Phú','T4@gmail.com','0908336522','C22'),(24,'Dương Anh Sơn','O8@gmail.com','0808200945','C23'),(25,'La Gia Cảnh','K6@gmail.com','0506580651','C24'),(26,'Ngô Triệu Thái','T4@gmail.com','0706737455','C25'),(27,'Mã Hữu Cường','D5@gmail.com','0707024244','C26'),(28,'Quang Duy Luận','L5@gmail.com','0902859140','C27'),(29,'Quách Việt Thái','Z6@gmail.com','0709643477','C28'),(30,'Nguyễn Danh Văn','U1@gmail.com','0904718812','C29'),(31,'Lạc Quốc Trung','I6@gmail.com','0509286737','C30'),(32,'Nguyễn Minh Tú','M5@gmail.com','0707279741','C31'),(33,'Phan Ngọc Uyên','T8@gmail.com','0904623254','C32'),(34,'Nguyễn Thảo Quyên','V2@gmail.com','0703041152','C33'),(35,'Diệp Bích Vân','H9@gmail.com','0906034912','C34'),(36,'Quyền Ly Châu','Y4@gmail.com','0800439526','C35'),(37,'Trịnh Minh Khai','M2@gmail.com','0907749765','C36'),(38,'Đặng Mộng Quỳnh','Y1@gmail.com','0704110053','C37'),(39,'Nguyễn Mai Vy','O4@gmail.com','0706955779','C38'),(40,'Thi Quỳnh Dao','F3@gmail.com','0500721344','C39'),(41,'Nguyễn Diệu Nương','R9@gmail.com','0300668662','C40'),(42,'Thái Thanh Nguyên','J10@gmail.com','0309941767','C41'),(43,'Tôn Nhật Khương','U8@gmail.com','0707569339','C42'),(44,'Phạm Vĩnh Toàn','S2@gmail.com','0901397543','C43'),(45,'Lê Trí Hào','H2@gmail.com','0704791733','C44'),(46,'Lê Hồng Đức','X10@gmail.com','0905060031','C45'),(47,'Mạch Quý Vĩnh','M5@gmail.com','0801825284','C46'),(48,'Nguyễn Lâm Vũ','S2@gmail.com','0506375607','C47'),(49,'Nguyễn Bảo Huy','O5@gmail.com','0503991848','C48'),(50,'Bùi Khánh Hoàng','M2@gmail.com','0309083700','C49'),(51,'Phan Ðức Duy','Y10@gmail.com','0709421993','C50'),(52,'Trần Hoàng Việt','N2@gmail.com','0900919799','C51'),(53,'Vũ Tịnh Nhi','E3@gmail.com','0801921946','C52'),(54,'Hồ Hạnh Linh','L5@gmail.com','0901784919','C53'),(55,'Bùi Thúy My','P1@gmail.com','0803258505','C54'),(56,'Mã Phương Quân','D10@gmail.com','0905431832','C55'),(57,'Vũ Kiều Hạnh','B1@gmail.com','0704857291','C56'),(58,'Phan Kim Tuyết','K6@gmail.com','0709251682','C57'),(59,'Uất Giáng Tiên','K10@gmail.com','0705899199','C58'),(60,'Hoàng Mai Châu','E8@gmail.com','0700216434','C59'),(61,'Liễu Tú Nguyệt','N2@gmail.com','0706501852','C60'),(62,'Ngô Ngọc Khánh','M7@gmail.com','0708752229','C61'),(63,'Đặng Ðức Phong','D4@gmail.com','0902539815','C62'),(64,'Sái Xuân Lộc','G7@gmail.com','0707460323','C63'),(65,'Đỗ Vĩnh Ân','D1@gmail.com','0700233391','C64'),(66,'Phạm Bá Lộc','L9@gmail.com','0704795493','C65'),(67,'Châu Ðức Toản','Q9@gmail.com','0802973348','C66'),(68,'Văn Duy Ngôn','K2@gmail.com','0309259885','C67'),(69,'Trần Công Vinh','F2@gmail.com','0800657492','C68'),(70,'Lê Quang Tài','W3@gmail.com','0904178987','C69'),(71,'Nguyễn Gia Cần','L1@gmail.com','0708590216','C70'),(72,'Trần Vĩnh Hưng','L5@gmail.com','0901291219','C71'),(73,'Hồ Hải Uyên','I4@gmail.com','0803610632','C72'),(74,'Chu Gia Linh','J6@gmail.com','0509004813','C73'),(75,'Nguyễn Vân Anh','P4@gmail.com','0702821091','C74'),(76,'Trần Diễm Phước','S3@gmail.com','0902989654','C75'),(77,'Lý Phương Hạnh','B9@gmail.com','0501863152','C76'),(78,'Thân Kim Hương','A4@gmail.com','0504879668','C77'),(79,'Phan Kim Lan','S6@gmail.com','0803268613','C78'),(80,'Quách Thảo Nhi','F3@gmail.com','0804924250','C79'),(81,'Lâm Diệu Loan','W5@gmail.com','0900119082','C80'),(82,'Lục Hồng Hà','S3@gmail.com','0903319778','C81'),(83,'Nguyễn Công Bằng','G10@gmail.com','0809803207','C82'),(84,'Lục Tuấn Minh','F10@gmail.com','0803318440','C83'),(85,'Phan Chấn Hưng','Q8@gmail.com','0806542588','C84'),(86,'Vũ Ðông Phương','C4@gmail.com','0903645431','C85'),(87,'Ngô Tùng Quang','X7@gmail.com','0307405467','C86'),(88,'Trang Thái Dương','E10@gmail.com','0803560152','C87'),(89,'Vũ Ðình Nguyên','S6@gmail.com','0305008301','C88'),(90,'Nguyễn Nam Sơn','E5@gmail.com','0504430263','C89'),(91,'Ngô Việt Thanh','M10@gmail.com','0307738508','C90'),(92,'Tiêu Vũ Minh','B7@gmail.com','0709540022','C91'),(93,'Hà Viễn Ðông','X4@gmail.com','0704388696','C92'),(94,'Sái Quang Lâm','R3@gmail.com','0302722306','C93'),(95,'Nguyễn Tân Bình','D1@gmail.com','0903538984','C94'),(96,'Cao Duy Tân','J9@gmail.com','0508367973','C95'),(97,'Trần Ân Lai','D1@gmail.com','0902655337','C96'),(98,'Dữu Quốc Thành','N10@gmail.com','0902545720','C97'),(99,'Đỗ Quốc Toản','L3@gmail.com','0808669443','C98'),(100,'Nguyễn Thiện Tâm','V3@gmail.com','0701719804','C99'),(101,'Đỗ Phước Nhân','H1@gmail.com','0905336040','C100'),(102,'Nguyễn Khắc Thành','U10@gmail.com','0302220911','C101');
/*!40000 ALTER TABLE `Reader` ENABLE KEYS */;
UNLOCK TABLES;

--
-- Dumping routines for database 'Library'
--
/*!50003 DROP PROCEDURE IF EXISTS `spAddAccount` */;
/*!50003 SET @saved_cs_client      = @@character_set_client */ ;
/*!50003 SET @saved_cs_results     = @@character_set_results */ ;
/*!50003 SET @saved_col_connection = @@collation_connection */ ;
/*!50003 SET character_set_client  = utf8mb4 */ ;
/*!50003 SET character_set_results = utf8mb4 */ ;
/*!50003 SET collation_connection  = utf8mb4_0900_ai_ci */ ;
/*!50003 SET @saved_sql_mode       = @@sql_mode */ ;
/*!50003 SET sql_mode              = 'ONLY_FULL_GROUP_BY,STRICT_TRANS_TABLES,NO_ZERO_IN_DATE,NO_ZERO_DATE,ERROR_FOR_DIVISION_BY_ZERO,NO_ENGINE_SUBSTITUTION' */ ;
DELIMITER ;;
CREATE PROCEDURE spAddAccount(
	IN pAccountID nvarchar(50), 
	IN pPasswordHash nvarchar(256),
    IN pSalt nvarchar(256),
    IN pEmployeeID nvarchar(10)
)
BEGIN
	INSERT INTO Library.Account (AccountID, PasswordHash, Salt, EmployeeID)
	VALUES (pAccountID, sha2(CONCAT(pPasswordHash, pSalt), 512), pSalt, pEmployeeID);
END ;;
DELIMITER ;
/*!50003 SET sql_mode              = @saved_sql_mode */ ;
/*!50003 SET character_set_client  = @saved_cs_client */ ;
/*!50003 SET character_set_results = @saved_cs_results */ ;
/*!50003 SET collation_connection  = @saved_col_connection */ ;
/*!50003 DROP PROCEDURE IF EXISTS `spLogin` */;
/*!50003 SET @saved_cs_client      = @@character_set_client */ ;
/*!50003 SET @saved_cs_results     = @@character_set_results */ ;
/*!50003 SET @saved_col_connection = @@collation_connection */ ;
/*!50003 SET character_set_client  = utf8mb4 */ ;
/*!50003 SET character_set_results = utf8mb4 */ ;
/*!50003 SET collation_connection  = utf8mb4_0900_ai_ci */ ;
/*!50003 SET @saved_sql_mode       = @@sql_mode */ ;
/*!50003 SET sql_mode              = 'ONLY_FULL_GROUP_BY,STRICT_TRANS_TABLES,NO_ZERO_IN_DATE,NO_ZERO_DATE,ERROR_FOR_DIVISION_BY_ZERO,NO_ENGINE_SUBSTITUTION' */ ;
DELIMITER ;;
CREATE PROCEDURE spLogin(
	IN pAccountID nvarchar(50),
    IN pPassword nvarchar(50),
    OUT pOutValue int
)
BEGIN
	select Count(AccountID)
    into pOutValue
    from Account
    where AccountID = pAccountID AND sha2(CONCAT(pPassword, Salt), 512) = PasswordHash
    limit 1;
END ;;
DELIMITER ;
/*!50003 SET sql_mode              = @saved_sql_mode */ ;
/*!50003 SET character_set_client  = @saved_cs_client */ ;
/*!50003 SET character_set_results = @saved_cs_results */ ;
/*!50003 SET collation_connection  = @saved_col_connection */ ;
/*!50003 DROP PROCEDURE IF EXISTS `spUpdatePassword` */;
/*!50003 SET @saved_cs_client      = @@character_set_client */ ;
/*!50003 SET @saved_cs_results     = @@character_set_results */ ;
/*!50003 SET @saved_col_connection = @@collation_connection */ ;
/*!50003 SET character_set_client  = utf8mb4 */ ;
/*!50003 SET character_set_results = utf8mb4 */ ;
/*!50003 SET collation_connection  = utf8mb4_0900_ai_ci */ ;
/*!50003 SET @saved_sql_mode       = @@sql_mode */ ;
/*!50003 SET sql_mode              = 'ONLY_FULL_GROUP_BY,STRICT_TRANS_TABLES,NO_ZERO_IN_DATE,NO_ZERO_DATE,ERROR_FOR_DIVISION_BY_ZERO,NO_ENGINE_SUBSTITUTION' */ ;
DELIMITER ;;
CREATE PROCEDURE spUpdatePassword(
	IN pAccountID nvarchar(50),
	IN pOldPassword nvarchar(50),
    IN pNewPassword nvarchar(50),
	OUT pOutValue int
)
BEGIN
	DECLARE pSalt nvarchar(256);
    DECLARE pHash nvarchar(256);
    
    select Salt into pSalt from Account WHERE AccountID = pAccountID;
    select PasswordHash into pHash from Account WHERE AccountID = pAccountID; 
    
	if(sha2(CONCAT(pOldPassword, pSalt), 512) = pHash) 
		then
			Update Account 
			Set PasswordHash = sha2(CONCAT(pNewPassword, Salt), 512)
			WHERE AccountID = pAccountID;
			
			Set pOutValue = 1;
		else
			Set pOutValue = 0;
	end if;
END ;;
DELIMITER ;
/*!50003 SET sql_mode              = @saved_sql_mode */ ;
/*!50003 SET character_set_client  = @saved_cs_client */ ;
/*!50003 SET character_set_results = @saved_cs_results */ ;
/*!50003 SET collation_connection  = @saved_col_connection */ ;
/*!40103 SET TIME_ZONE=@OLD_TIME_ZONE */;

/*!40101 SET SQL_MODE=@OLD_SQL_MODE */;
/*!40014 SET FOREIGN_KEY_CHECKS=@OLD_FOREIGN_KEY_CHECKS */;
/*!40014 SET UNIQUE_CHECKS=@OLD_UNIQUE_CHECKS */;
/*!40101 SET CHARACTER_SET_CLIENT=@OLD_CHARACTER_SET_CLIENT */;
/*!40101 SET CHARACTER_SET_RESULTS=@OLD_CHARACTER_SET_RESULTS */;
/*!40101 SET COLLATION_CONNECTION=@OLD_COLLATION_CONNECTION */;
/*!40111 SET SQL_NOTES=@OLD_SQL_NOTES */;

-- Dump completed on 2020-12-17 20:15:14
